Time,Temperature,HeatFlux,T_amb,Material_rho,Material_cp,Material_lmbd,Length,x0,RobinAlpha
0,36.45525,18,20.732,7850,490,13.5,0.01,0.00445,13.5
0.1,36.45525,18,20.7312,,,,,,
0.2,36.45525,18,20.7314,,,,,,
0.3,36.45525,18,20.729,,,,,,
0.4,36.45525,18,20.7295,,,,,,
0.5,36.45525,18,20.7289,,,,,,
0.6,36.45466,18,20.7284,,,,,,
0.7,36.45466,18,20.7281,,,,,,
0.8,36.45466,18,20.7278,,,,,,
0.9,36.45466,18,20.7271,,,,,,
1,36.44666,18,20.7265,,,,,,
1.1,36.44666,18,20.727,,,,,,
1.2,36.43531,18,20.727,,,,,,
1.3,36.43531,18,20.7271,,,,,,
1.4,36.43531,18,20.7262,,,,,,
1.5,36.43531,18,20.7263,,,,,,
1.6,36.43531,18,20.7256,,,,,,
1.7,36.43531,18,20.7254,,,,,,
1.8,36.45395,18,20.7241,,,,,,
1.9,36.45395,18,20.7243,,,,,,
2,36.45395,18,20.7232,,,,,,
2.1,36.45395,18,20.7223,,,,,,
2.2,36.45395,18,20.7229,,,,,,
2.3,36.45395,18,20.7207,,,,,,
2.4,36.49181,18,20.7208,,,,,,
2.5,36.49181,18,20.7205,,,,,,
2.6,36.49181,18,20.7213,,,,,,
2.7,36.49181,18,20.7207,,,,,,
2.8,36.49181,18,20.7207,,,,,,
2.9,36.49181,18,20.7204,,,,,,
3,36.51125,18,20.7212,,,,,,
3.1,36.51125,18,20.7215,,,,,,
3.2,36.51125,18,20.7212,,,,,,
3.3,36.51125,18,20.7215,,,,,,
3.4,36.51125,18,20.7215,,,,,,
3.5,36.51125,18,20.7221,,,,,,
3.6,36.5504,18,20.7221,,,,,,
3.7,36.5504,18,20.7219,,,,,,
3.8,36.5504,18,20.723,,,,,,
3.9,36.5504,18,20.7243,,,,,,
4,36.5504,18,20.7237,,,,,,
4.1,36.5504,18,20.7245,,,,,,
4.2,36.60035,18,20.7248,,,,,,
4.3,36.60035,18,20.7249,,,,,,
4.4,36.60035,18,20.724,,,,,,
4.5,36.60035,18,20.7262,,,,,,
4.6,36.60035,18,20.7263,,,,,,
4.7,36.60035,18,20.7265,,,,,,
4.8,36.65732,18,20.7265,,,,,,
4.9,36.65732,18,20.7282,,,,,,
5,36.65732,18,20.7285,,,,,,
5.1,36.65732,18,20.7281,,,,,,
5.2,36.65732,18,20.729,,,,,,
5.3,36.65732,18,20.7306,,,,,,
5.4,36.73248,18,20.7312,,,,,,
5.5,36.73248,18,20.7315,,,,,,
5.6,36.73248,18,20.7339,,,,,,
5.7,36.73248,18,20.7333,,,,,,
5.8,36.73248,18,20.7342,,,,,,
5.9,36.73248,18,20.7333,,,,,,
6,36.81197,18,20.7347,,,,,,
6.1,36.81197,18,20.7345,,,,,,
6.2,36.81197,18,20.7334,,,,,,
6.3,36.81197,18,20.7342,,,,,,
6.4,36.81197,18,20.7351,,,,,,
6.5,36.81197,18,20.7355,,,,,,
6.6,36.90433,18,20.735,,,,,,
6.7,36.90433,18,20.7358,,,,,,
6.8,36.90433,18,20.7359,,,,,,
6.9,36.90433,18,20.7353,,,,,,
7,36.90433,18,20.7361,,,,,,
7.1,36.90433,18,20.7372,,,,,,
7.2,37.00213,18,20.7383,,,,,,
7.3,37.00213,18,20.7378,,,,,,
7.4,37.00213,18,20.7394,,,,,,
7.5,37.00213,18,20.7394,,,,,,
7.6,37.00213,18,20.74,,,,,,
7.7,37.00213,18,20.74,,,,,,
7.8,37.11411,18,20.741,,,,,,
7.9,37.11411,18,20.7406,,,,,,
8,37.11411,18,20.7411,,,,,,
8.1,37.11411,18,20.7417,,,,,,
8.2,37.11411,18,20.7427,,,,,,
8.3,37.11411,18,20.7425,,,,,,
8.4,37.23405,18,20.7424,,,,,,
8.5,37.23405,18,20.7428,,,,,,
8.6,37.23405,18,20.7432,,,,,,
8.7,37.23405,18,20.7432,,,,,,
8.8,37.23405,18,20.7424,,,,,,
8.9,37.23405,18,20.7427,,,,,,
9,37.3627,18,20.7428,,,,,,
9.1,37.3627,18,20.7436,,,,,,
9.2,37.3627,18,20.7439,,,,,,
9.3,37.3627,18,20.7438,,,,,,
9.4,37.3627,18,20.7449,,,,,,
9.5,37.3627,18,20.745,,,,,,
9.6,37.50487,18,20.746,,,,,,
9.7,37.50487,18,20.7446,,,,,,
9.8,37.50487,18,20.746,,,,,,
9.9,37.50487,18,20.745,,,,,,
10,37.50487,18,20.7465,,,,,,
10.1,37.50487,18,20.7465,,,,,,
10.2,37.66387,18,20.7446,,,,,,
10.3,37.66387,18,20.7452,,,,,,
10.4,37.66387,18,20.746,,,,,,
10.5,37.66387,18,20.7446,,,,,,
10.6,37.66387,18,20.7454,,,,,,
10.7,37.66387,18,20.7457,,,,,,
10.8,37.81672,18,20.746,,,,,,
10.9,37.81672,18,20.7452,,,,,,
11,37.81672,18,20.7447,,,,,,
11.1,37.81672,18,20.7454,,,,,,
11.2,37.81672,18,20.7443,,,,,,
11.3,37.81672,18,20.7447,,,,,,
11.4,37.9839,18,20.7463,,,,,,
11.5,37.9839,18,20.7446,,,,,,
11.6,37.9839,18,20.7457,,,,,,
11.7,37.9839,18,20.7452,,,,,,
11.8,37.9839,18,20.745,,,,,,
11.9,37.9839,18,20.745,,,,,,
12,38.17399,18,20.745,,,,,,
12.1,38.17399,18,20.7452,,,,,,
12.2,38.17399,18,20.7455,,,,,,
12.3,38.17399,18,20.745,,,,,,
12.4,38.17399,18,20.7455,,,,,,
12.5,38.17399,18,20.7449,,,,,,
12.6,38.3442,18,20.7444,,,,,,
12.7,38.3442,18,20.7443,,,,,,
12.8,38.3442,18,20.7454,,,,,,
12.9,38.3442,18,20.7461,,,,,,
13,38.3442,18,20.745,,,,,,
13.1,38.3442,18,20.7447,,,,,,
13.2,38.52202,18,20.7443,,,,,,
13.3,38.52202,18,20.7441,,,,,,
13.4,38.52202,18,20.7454,,,,,,
13.5,38.52202,18,20.7446,,,,,,
13.6,38.52202,18,20.7449,,,,,,
13.7,38.52202,18,20.7454,,,,,,
13.8,38.71732,18,20.745,,,,,,
13.9,38.71732,18,20.7446,,,,,,
14,38.71732,18,20.7454,,,,,,
14.1,38.71732,18,20.7439,,,,,,
14.2,38.71732,18,20.745,,,,,,
14.3,38.71732,18,20.7433,,,,,,
14.4,38.87757,18,20.7428,,,,,,
14.5,38.87757,18,20.7443,,,,,,
14.6,38.87757,18,20.7432,,,,,,
14.7,38.87757,18,20.7452,,,,,,
14.8,38.87757,18,20.7491,,,,,,
14.9,38.87757,18,20.7534,,,,,,
15,39.03611,18,20.7572,,,,,,
15.1,39.03611,18,20.7598,,,,,,
15.2,39.03611,18,20.7601,,,,,,
15.3,39.03611,18,20.7595,,,,,,
15.4,39.03611,18,20.759,,,,,,
15.5,39.03611,18,20.7597,,,,,,
15.6,39.21876,18,20.7579,,,,,,
15.7,39.21876,18,20.7583,,,,,,
15.8,39.21876,18,20.7581,,,,,,
15.9,39.21876,18,20.7589,,,,,,
16,39.21876,18,20.7583,,,,,,
16.1,39.21876,18,20.7586,,,,,,
16.2,39.37862,18,20.7568,,,,,,
16.3,39.37862,18,20.757,,,,,,
16.4,39.37862,18,20.7564,,,,,,
16.5,39.37862,18,20.7554,,,,,,
16.6,39.37862,18,20.7553,,,,,,
16.7,39.37862,18,20.7557,,,,,,
16.8,39.55539,18,20.7545,,,,,,
16.9,39.55539,18,20.7537,,,,,,
17,39.55539,18,20.7506,,,,,,
17.1,39.55539,18,20.7496,,,,,,
17.2,39.55539,18,20.7493,,,,,,
17.3,39.55539,18,20.7465,,,,,,
17.4,39.73732,18,20.7471,,,,,,
17.5,39.73732,18,20.7457,,,,,,
17.6,39.73732,18,20.7476,,,,,,
17.7,39.73732,18,20.746,,,,,,
17.8,39.73732,18,20.7466,,,,,,
17.9,39.73732,18,20.7469,,,,,,
18,39.90527,18,20.7465,,,,,,
18.1,39.90527,18,20.7447,,,,,,
18.2,39.90527,18,20.7458,,,,,,
18.3,39.90527,18,20.7452,,,,,,
18.4,39.90527,18,20.7452,,,,,,
18.5,39.90527,18,20.7438,,,,,,
18.6,40.08578,18,20.7432,,,,,,
18.7,40.08578,18,20.7411,,,,,,
18.8,40.08578,18,20.7394,,,,,,
18.9,40.08578,18,20.7397,,,,,,
19,40.08578,18,20.7377,,,,,,
19.1,40.08578,18,20.737,,,,,,
19.2,40.26778,18,20.7358,,,,,,
19.3,40.26778,18,20.7347,,,,,,
19.4,40.26778,18,20.7351,,,,,,
19.5,40.26778,18,20.7342,,,,,,
19.6,40.26778,18,20.7339,,,,,,
19.7,40.26778,18,20.734,,,,,,
19.8,40.43915,18,20.7326,,,,,,
19.9,40.43915,18,20.7333,,,,,,
20,40.43915,18,20.7301,,,,,,
20.1,40.43915,18,20.7304,,,,,,
20.2,40.43915,18,20.7282,,,,,,
20.3,40.43915,18,20.7263,,,,,,
20.4,40.61807,18,20.7273,,,,,,
20.5,40.61807,18,20.7256,,,,,,
20.6,40.61807,18,20.724,,,,,,
20.7,40.61807,18,20.7245,,,,,,
20.8,40.61807,18,20.7246,,,,,,
20.9,40.61807,18,20.7257,,,,,,
21,40.79926,18,20.7279,,,,,,
21.1,40.79926,18,20.7289,,,,,,
21.2,40.79926,18,20.732,,,,,,
21.3,40.79926,18,20.7315,,,,,,
21.4,40.79926,18,20.7334,,,,,,
21.5,40.79926,18,20.7331,,,,,,
21.6,40.97953,18,20.7344,,,,,,
21.7,40.97953,18,20.7353,,,,,,
21.8,40.97953,18,20.7351,,,,,,
21.9,40.97953,18,20.7347,,,,,,
22,40.97953,18,20.7328,,,,,,
22.1,40.97953,18,20.7317,,,,,,
22.2,41.16587,18,20.7303,,,,,,
22.3,41.16587,18,20.7296,,,,,,
22.4,41.16587,18,20.7298,,,,,,
22.5,41.16587,18,20.7296,,,,,,
22.6,41.16587,18,20.729,,,,,,
22.7,41.16587,18,20.7287,,,,,,
22.8,41.3647,18,20.7282,,,,,,
22.9,41.3647,18,20.729,,,,,,
23,41.3647,18,20.7284,,,,,,
23.1,41.3647,18,20.7274,,,,,,
23.2,41.3647,18,20.7278,,,,,,
23.3,41.3647,18,20.7285,,,,,,
23.4,41.54244,18,20.7267,,,,,,
23.5,41.54244,18,20.7267,,,,,,
23.6,41.54244,18,20.7281,,,,,,
23.7,41.54244,18,20.7278,,,,,,
23.8,41.54244,18,20.729,,,,,,
23.9,41.54244,18,20.7284,,,,,,
24,41.73187,18,20.7289,,,,,,
24.1,41.73187,18,20.7292,,,,,,
24.2,41.73187,18,20.7303,,,,,,
24.3,41.73187,18,20.7293,,,,,,
24.4,41.73187,18,20.7306,,,,,,
24.5,41.73187,18,20.7292,,,,,,
24.6,41.92826,18,20.7298,,,,,,
24.7,41.92826,18,20.7296,,,,,,
24.8,41.92826,18,20.729,,,,,,
24.9,41.92826,18,20.7279,,,,,,
25,41.92826,18,20.7289,,,,,,
25.1,41.92826,18,20.7287,,,,,,
25.2,42.12883,18,20.7285,,,,,,
25.3,42.12883,18,20.7279,,,,,,
25.4,42.12883,18,20.7273,,,,,,
25.5,42.12883,18,20.7285,,,,,,
25.6,42.12883,18,20.7287,,,,,,
25.7,42.12883,18,20.7289,,,,,,
25.8,42.31246,18,20.7295,,,,,,
25.9,42.31246,18,20.7309,,,,,,
26,42.31246,18,20.7311,,,,,,
26.1,42.31246,18,20.7311,,,,,,
26.2,42.31246,18,20.73,,,,,,
26.3,42.31246,18,20.7303,,,,,,
26.4,42.50078,18,20.7311,,,,,,
26.5,42.50078,18,20.7322,,,,,,
26.6,42.50078,18,20.7307,,,,,,
26.7,42.50078,18,20.7318,,,,,,
26.8,42.50078,18,20.7314,,,,,,
26.9,42.50078,18,20.7326,,,,,,
27,42.67697,18,20.7309,,,,,,
27.1,42.67697,18,20.7311,,,,,,
27.2,42.67697,18,20.7311,,,,,,
27.3,42.67697,18,20.7293,,,,,,
27.4,42.67697,18,20.7293,,,,,,
27.5,42.67697,18,20.7289,,,,,,
27.6,42.86157,18,20.7279,,,,,,
27.7,42.86157,18,20.7281,,,,,,
27.8,42.86157,18,20.7262,,,,,,
27.9,42.86157,18,20.7273,,,,,,
28,42.86157,18,20.7268,,,,,,
28.1,42.86157,18,20.7262,,,,,,
28.2,43.02997,18,20.7268,,,,,,
28.3,43.02997,18,20.7287,,,,,,
28.4,43.02997,18,20.7307,,,,,,
28.5,43.02997,18,20.7309,,,,,,
28.6,43.02997,18,20.7334,,,,,,
28.7,43.02997,18,20.7356,,,,,,
28.8,43.20746,18,20.7375,,,,,,
28.9,43.20746,18,20.7388,,,,,,
29,43.20746,18,20.7419,,,,,,
29.1,43.20746,18,20.7452,,,,,,
29.2,43.20746,18,20.749,,,,,,
29.3,43.20746,18,20.7517,,,,,,
29.4,43.38067,18,20.7542,,,,,,
29.5,43.38067,18,20.7553,,,,,,
29.6,43.38067,18,20.759,,,,,,
29.7,43.38067,18,20.7625,,,,,,
29.8,43.38067,18,20.765,,,,,,
29.9,43.38067,18,20.7678,,,,,,
30,43.55946,18,20.7693,,,,,,
30.1,43.55946,18,20.7722,,,,,,
30.2,43.55946,18,20.776,,,,,,
30.3,43.55946,18,20.7781,,,,,,
30.4,43.55946,18,20.7806,,,,,,
30.5,43.55946,18,20.7836,,,,,,
30.6,43.75795,18,20.7848,,,,,,
30.7,43.75795,18,20.7873,,,,,,
30.8,43.75795,18,20.7886,,,,,,
30.9,43.75795,18,20.7903,,,,,,
31,43.75795,18,20.7916,,,,,,
31.1,43.75795,18,20.7936,,,,,,
31.2,43.94344,18,20.7932,,,,,,
31.3,43.94344,18,20.7939,,,,,,
31.4,43.94344,18,20.7932,,,,,,
31.5,43.94344,18,20.7932,,,,,,
31.6,43.94344,18,20.7936,,,,,,
31.7,43.94344,18,20.7925,,,,,,
31.8,44.12804,18,20.7932,,,,,,
31.9,44.12804,18,20.7939,,,,,,
32,44.12804,18,20.7938,,,,,,
32.1,44.12804,18,20.7946,,,,,,
32.2,44.12804,18,20.7941,,,,,,
32.3,44.12804,18,20.7938,,,,,,
32.4,44.3155,18,20.7938,,,,,,
32.5,44.3155,18,20.793,,,,,,
32.6,44.3155,18,20.7935,,,,,,
32.7,44.3155,18,20.7924,,,,,,
32.8,44.3155,18,20.7924,,,,,,
32.9,44.3155,18,20.7927,,,,,,
33,44.51723,18,20.7924,,,,,,
33.1,44.51723,18,20.7935,,,,,,
33.2,44.51723,18,20.793,,,,,,
33.3,44.51723,18,20.7936,,,,,,
33.4,44.51723,18,20.7922,,,,,,
33.5,44.51723,18,20.793,,,,,,
33.6,44.72469,18,20.7927,,,,,,
33.7,44.72469,18,20.7933,,,,,,
33.8,44.72469,18,20.7913,,,,,,
33.9,44.72469,18,20.7921,,,,,,
34,44.72469,18,20.7913,,,,,,
34.1,44.72469,18,20.7911,,,,,,
34.2,44.93755,18,20.791,,,,,,
34.3,44.93755,18,20.7899,,,,,,
34.4,44.93755,18,20.79,,,,,,
34.5,44.93755,18,20.7905,,,,,,
34.6,44.93755,18,20.7889,,,,,,
34.7,44.93755,18,20.7878,,,,,,
34.8,45.14701,18,20.7866,,,,,,
34.9,45.14701,18,20.7873,,,,,,
35,45.14701,18,20.7853,,,,,,
35.1,45.14701,18,20.7844,,,,,,
35.2,45.14701,18,20.7839,,,,,,
35.3,45.14701,18,20.7828,,,,,,
35.4,45.38576,18,20.7817,,,,,,
35.5,45.38576,18,20.7795,,,,,,
35.6,45.38576,18,20.7803,,,,,,
35.7,45.38576,18,20.7779,,,,,,
35.8,45.38576,18,20.7771,,,,,,
35.9,45.38576,18,20.7765,,,,,,
36,45.59667,18,20.7763,,,,,,
36.1,45.59667,18,20.7752,,,,,,
36.2,45.59667,18,20.7748,,,,,,
36.3,45.59667,18,20.7743,,,,,,
36.4,45.59667,18,20.7745,,,,,,
36.5,45.59667,18,20.7746,,,,,,
36.6,45.83145,18,20.7746,,,,,,
36.7,45.83145,18,20.7737,,,,,,
36.8,45.83145,18,20.7745,,,,,,
36.9,45.83145,18,20.7732,,,,,,
37,45.83145,18,20.7733,,,,,,
37.1,45.83145,18,20.774,,,,,,
37.2,46.05133,18,20.7727,,,,,,
37.3,46.05133,18,20.7721,,,,,,
37.4,46.05133,18,20.7732,,,,,,
37.5,46.05133,18,20.7711,,,,,,
37.6,46.05133,18,20.7715,,,,,,
37.7,46.05133,18,20.7716,,,,,,
37.8,46.27319,18,20.7702,,,,,,
37.9,46.27319,18,20.7729,,,,,,
38,46.27319,18,20.7694,,,,,,
38.1,46.27319,18,20.7694,,,,,,
38.2,46.27319,18,20.7696,,,,,,
38.3,46.27319,18,20.7693,,,,,,
38.4,46.49784,18,20.7696,,,,,,
38.5,46.49784,18,20.7699,,,,,,
38.6,46.49784,18,20.7699,,,,,,
38.7,46.49784,18,20.7702,,,,,,
38.8,46.49784,18,20.7705,,,,,,
38.9,46.49784,18,20.7719,,,,,,
39,46.72616,18,20.7719,,,,,,
39.1,46.72616,18,20.7697,,,,,,
39.2,46.72616,18,20.7693,,,,,,
39.3,46.72616,18,20.7671,,,,,,
39.4,46.72616,18,20.7655,,,,,,
39.5,46.72616,18,20.7644,,,,,,
39.6,46.94682,18,20.7653,,,,,,
39.7,46.94682,18,20.7647,,,,,,
39.8,46.94682,18,20.7674,,,,,,
39.9,46.94682,18,20.77,,,,,,
40,46.94682,18,20.7702,,,,,,
40.1,46.94682,18,20.7718,,,,,,
40.2,47.17119,18,20.7711,,,,,,
40.3,47.17119,18,20.7708,,,,,,
40.4,47.17119,18,20.771,,,,,,
40.5,47.17119,18,20.7729,,,,,,
40.6,47.17119,18,20.7737,,,,,,
40.7,47.17119,18,20.7745,,,,,,
40.8,47.40597,18,20.7738,,,,,,
40.9,47.40597,18,20.773,,,,,,
41,47.40597,18,20.7729,,,,,,
41.1,47.40597,18,20.7752,,,,,,
41.2,47.40597,18,20.7765,,,,,,
41.3,47.40597,18,20.777,,,,,,
41.4,47.66923,18,20.777,,,,,,
41.5,47.66923,18,20.7789,,,,,,
41.6,47.66923,18,20.7792,,,,,,
41.7,47.66923,18,20.7811,,,,,,
41.8,47.66923,18,20.7823,,,,,,
41.9,47.66923,18,20.7828,,,,,,
42,47.9321,18,20.7828,,,,,,
42.1,47.9321,18,20.7861,,,,,,
42.2,47.9321,18,20.7866,,,,,,
42.3,47.9321,18,20.7866,,,,,,
42.4,47.9321,18,20.7864,,,,,,
42.5,47.9321,18,20.7864,,,,,,
42.6,48.19926,18,20.787,,,,,,
42.7,48.19926,18,20.7862,,,,,,
42.8,48.19926,18,20.7888,,,,,,
42.9,48.19926,18,20.79,,,,,,
43,48.19926,18,20.791,,,,,,
43.1,48.19926,18,20.7911,,,,,,
43.2,48.47883,18,20.7917,,,,,,
43.3,48.47883,18,20.7922,,,,,,
43.4,48.47883,18,20.7943,,,,,,
43.5,48.47883,18,20.7946,,,,,,
43.6,48.47883,18,20.7969,,,,,,
43.7,48.47883,18,20.7998,,,,,,
43.8,48.75906,18,20.8002,,,,,,
43.9,48.75906,18,20.8004,,,,,,
44,48.75906,18,20.8021,,,,,,
44.1,48.75906,18,20.8028,,,,,,
44.2,48.75906,18,20.8034,,,,,,
44.3,48.75906,18,20.8043,,,,,,
44.4,49.05939,18,20.8054,,,,,,
44.5,49.05939,18,20.8056,,,,,,
44.6,49.05939,18,20.8079,,,,,,
44.7,49.05939,18,20.8098,,,,,,
44.8,49.05939,18,20.8116,,,,,,
44.9,49.05939,18,20.812,,,,,,
45,49.3581,18,20.813,,,,,,
45.1,49.3581,18,20.8144,,,,,,
45.2,49.3581,18,20.8155,,,,,,
45.3,49.3581,18,20.8163,,,,,,
45.4,49.3581,18,20.8158,,,,,,
45.5,49.3581,18,20.818,,,,,,
45.6,49.67459,18,20.8183,,,,,,
45.7,49.67459,18,20.8196,,,,,,
45.8,49.67459,18,20.8207,,,,,,
45.9,49.67459,18,20.8215,,,,,,
46,49.67459,18,20.8257,,,,,,
46.1,49.67459,18,20.8285,,,,,,
46.2,49.98651,18,20.8307,,,,,,
46.3,49.98651,18,20.835,,,,,,
46.4,49.98651,18,20.8375,,,,,,
46.5,49.98651,18,20.8405,,,,,,
46.6,49.98651,18,20.8461,,,,,,
46.7,49.98651,18,20.8548,,,,,,
46.8,50.31911,18,20.8603,,,,,,
46.9,50.31911,18,20.8671,,,,,,
47,50.31911,18,20.8733,,,,,,
47.1,50.31911,18,20.8776,,,,,,
47.2,50.31911,18,20.8822,,,,,,
47.3,50.31911,18,20.888,,,,,,
47.4,50.6667,18,20.8919,,,,,,
47.5,50.6667,18,20.8947,,,,,,
47.6,50.6667,18,20.8965,,,,,,
47.7,50.6667,18,20.8976,,,,,,
47.8,50.6667,18,20.8974,,,,,,
47.9,50.6667,18,20.8996,,,,,,
48,51.04968,18,20.9026,,,,,,
48.1,51.04968,18,20.9037,,,,,,
48.2,51.04968,18,20.9057,,,,,,
48.3,51.04968,18,20.9064,,,,,,
48.4,51.04968,18,20.9086,,,,,,
48.5,51.04968,18,20.9103,,,,,,
48.6,51.44518,18,20.9105,,,,,,
48.7,51.44518,18,20.9134,,,,,,
48.8,51.44518,18,20.9172,,,,,,
48.9,51.44518,18,20.9194,,,,,,
49,51.44518,18,20.9224,,,,,,
49.1,51.44518,18,20.9238,,,,,,
49.2,51.81744,18,20.9271,,,,,,
49.3,51.81744,18,20.9309,,,,,,
49.4,51.81744,18,20.9339,,,,,,
49.5,51.81744,18,20.9383,,,,,,
49.6,51.81744,18,20.9403,,,,,,
49.7,51.81744,18,20.9438,,,,,,
49.8,52.24484,18,20.9455,,,,,,
49.9,52.24484,18,20.9468,,,,,,
50,52.24484,18,20.9472,,,,,,
50.1,52.24484,18,20.9482,,,,,,
50.2,52.24484,18,20.9496,,,,,,
50.3,52.24484,18,20.9496,,,,,,
50.4,52.66042,18,20.949,,,,,,
50.5,52.66042,18,20.9447,,,,,,
50.6,52.66042,18,20.9435,,,,,,
50.7,52.66042,18,20.9406,,,,,,
50.8,52.66042,18,20.9395,,,,,,
50.9,52.66042,18,20.937,,,,,,
51,53.09662,18,20.9362,,,,,,
51.1,53.09662,18,20.9355,,,,,,
51.2,53.09662,18,20.9328,,,,,,
51.3,53.09662,18,20.927,,,,,,
51.4,53.09662,18,20.9257,,,,,,
51.5,53.09662,18,20.9227,,,,,,
51.6,53.51949,18,20.9189,,,,,,
51.7,53.51949,18,20.9186,,,,,,
51.8,53.51949,18,20.9156,,,,,,
51.9,53.51949,18,20.9147,,,,,,
52,53.51949,18,20.9139,,,,,,
52.1,53.51949,18,20.9145,,,,,,
52.2,53.95255,18,20.912,,,,,,
52.3,53.95255,18,20.9111,,,,,,
52.4,53.95255,18,20.9109,,,,,,
52.5,53.95255,18,20.9114,,,,,,
52.6,53.95255,18,20.91,,,,,,
52.7,53.95255,18,20.9109,,,,,,
52.8,54.40087,18,20.9101,,,,,,
52.9,54.40087,18,20.9109,,,,,,
53,54.40087,18,20.91,,,,,,
53.1,54.40087,18,20.9095,,,,,,
53.2,54.40087,18,20.9122,,,,,,
53.3,54.40087,18,20.9128,,,,,,
53.4,54.84735,18,20.9174,,,,,,
53.5,54.84735,18,20.9215,,,,,,
53.6,54.84735,18,20.9265,,,,,,
53.7,54.84735,18,20.9317,,,,,,
53.8,54.84735,18,20.9356,,,,,,
53.9,54.84735,18,20.9391,,,,,,
54,55.30195,18,20.9428,,,,,,
54.1,55.30195,18,20.9477,,,,,,
54.2,55.30195,18,20.9504,,,,,,
54.3,55.30195,18,20.9524,,,,,,
54.4,55.30195,18,20.9568,,,,,,
54.5,55.30195,18,20.9594,,,,,,
54.6,55.77186,18,20.9633,,,,,,
54.7,55.77186,18,20.965,,,,,,
54.8,55.77186,18,20.9664,,,,,,
54.9,55.77186,18,20.9669,,,,,,
55,55.77186,18,20.9689,,,,,,
55.1,55.77186,18,20.9661,,,,,,
55.2,56.23483,18,20.966,,,,,,
55.3,56.23483,18,20.9671,,,,,,
55.4,56.23483,18,20.9664,,,,,,
55.5,56.23483,18,20.9667,,,,,,
55.6,56.23483,18,20.9669,,,,,,
55.7,56.23483,18,20.9675,,,,,,
55.8,56.70165,18,20.9672,,,,,,
55.9,56.70165,18,20.9685,,,,,,
56,56.70165,18,20.9678,,,,,,
56.1,56.70165,18,20.9682,,,,,,
56.2,56.70165,18,20.9667,,,,,,
56.3,56.70165,18,20.968,,,,,,
56.4,57.14866,18,20.9689,,,,,,
56.5,57.14866,18,20.97,,,,,,
56.6,57.14866,18,20.9721,,,,,,
56.7,57.14866,18,20.9713,,,,,,
56.8,57.14866,18,20.9718,,,,,,
56.9,57.14866,18,20.9722,,,,,,
57,57.60975,18,20.9724,,,,,,
57.1,57.60975,18,20.9727,,,,,,
57.2,57.60975,18,20.9716,,,,,,
57.3,57.60975,18,20.971,,,,,,
57.4,57.60975,18,20.9704,,,,,,
57.5,57.60975,18,20.9697,,,,,,
57.6,58.08518,18,20.9677,,,,,,
57.7,58.08518,18,20.9669,,,,,,
57.8,58.08518,18,20.9649,,,,,,
57.9,58.08518,18,20.9652,,,,,,
58,58.08518,18,20.9636,,,,,,
58.1,58.08518,18,20.9631,,,,,,
58.2,58.55747,18,20.9597,,,,,,
58.3,58.55747,18,20.9601,,,,,,
58.4,58.55747,18,20.9586,,,,,,
58.5,58.55747,18,20.9565,,,,,,
58.6,58.55747,18,20.9565,,,,,,
58.7,58.55747,18,20.9554,,,,,,
58.8,59.07219,18,20.9546,,,,,,
58.9,59.07219,18,20.9545,,,,,,
59,59.07219,18,20.9551,,,,,,
59.1,59.07219,18,20.9545,,,,,,
59.2,59.07219,18,20.9535,,,,,,
59.3,59.07219,18,20.9539,,,,,,
59.4,59.5992,18,20.9548,,,,,,
59.5,59.5992,18,20.9545,,,,,,
59.6,59.5992,18,20.9546,,,,,,
59.7,59.5992,18,20.9529,,,,,,
59.8,59.5992,18,20.9526,,,,,,
59.9,59.5992,18,20.9509,,,,,,
60,60.13085,18,20.9517,,,,,,
60.1,60.13085,18,20.9504,,,,,,
60.2,60.13085,18,20.9509,,,,,,
60.3,60.13085,18,20.9491,,,,,,
60.4,60.13085,18,20.9474,,,,,,
60.5,60.13085,18,20.9468,,,,,,
60.6,60.66373,18,20.9458,,,,,,
60.7,60.66373,18,20.9454,,,,,,
60.8,60.66373,18,20.943,,,,,,
60.9,60.66373,18,20.9428,,,,,,
61,60.66373,18,20.9399,,,,,,
61.1,60.66373,18,20.9397,,,,,,
61.2,61.18776,18,20.9377,,,,,,
61.3,61.18776,18,20.9367,,,,,,
61.4,61.18776,18,20.9355,,,,,,
61.5,61.18776,18,20.9339,,,,,,
61.6,61.18776,18,20.9317,,,,,,
61.7,61.18776,18,20.9306,,,,,,
61.8,61.68066,18,20.9273,,,,,,
61.9,61.68066,18,20.9252,,,,,,
62,61.68066,18,20.9232,,,,,,
62.1,61.68066,18,20.9232,,,,,,
62.2,61.68066,18,20.9222,,,,,,
62.3,61.68066,18,20.9202,,,,,,
62.4,62.15455,18,20.9186,,,,,,
62.5,62.15455,18,20.9188,,,,,,
62.6,62.15455,18,20.918,,,,,,
62.7,62.15455,18,20.9169,,,,,,
62.8,62.15455,18,20.9161,,,,,,
62.9,62.15455,18,20.9141,,,,,,
63,62.61745,18,20.9144,,,,,,
63.1,62.61745,18,20.9131,,,,,,
63.2,62.61745,18,20.9127,,,,,,
63.3,62.61745,18,20.9131,,,,,,
63.4,62.61745,18,20.913,,,,,,
63.5,62.61745,18,20.9142,,,,,,
63.6,63.08666,18,20.913,,,,,,
63.7,63.08666,18,20.9131,,,,,,
63.8,63.08666,18,20.9123,,,,,,
63.9,63.08666,18,20.9122,,,,,,
64,63.08666,18,20.9105,,,,,,
64.1,63.08666,18,20.9112,,,,,,
64.2,63.59768,18,20.9101,,,,,,
64.3,63.59768,18,20.912,,,,,,
64.4,63.59768,18,20.9105,,,,,,
64.5,63.59768,18,20.909,,,,,,
64.6,63.59768,18,20.909,,,,,,
64.7,63.59768,18,20.9103,,,,,,
64.8,64.10982,18,20.9117,,,,,,
64.9,64.10982,18,20.9147,,,,,,
65,64.10982,18,20.9166,,,,,,
65.1,64.10982,18,20.918,,,,,,
65.2,64.10982,18,20.9188,,,,,,
65.3,64.10982,18,20.9202,,,,,,
65.4,64.60836,18,20.9191,,,,,,
65.5,64.60836,18,20.9224,,,,,,
65.6,64.60836,18,20.9241,,,,,,
65.7,64.60836,18,20.9279,,,,,,
65.8,64.60836,18,20.9309,,,,,,
65.9,64.60836,18,20.9355,,,,,,
66,65.08169,18,20.9373,,,,,,
66.1,65.08169,18,20.9402,,,,,,
66.2,65.08169,18,20.9425,,,,,,
66.3,65.08169,18,20.9438,,,,,,
66.4,65.08169,18,20.9443,,,,,,
66.5,65.08169,18,20.9477,,,,,,
66.6,65.5242,18,20.9505,,,,,,
66.7,65.5242,18,20.9532,,,,,,
66.8,65.5242,18,20.9548,,,,,,
66.9,65.5242,18,20.9556,,,,,,
67,65.5242,18,20.9568,,,,,,
67.1,65.5242,18,20.9606,,,,,,
67.2,65.93683,18,20.9639,,,,,,
67.3,65.93683,18,20.9667,,,,,,
67.4,65.93683,18,20.9707,,,,,,
67.5,65.93683,18,20.9719,,,,,,
67.6,65.93683,18,20.9743,,,,,,
67.7,65.93683,18,20.9771,,,,,,
67.8,66.34188,18,20.9806,,,,,,
67.9,66.34188,18,20.9834,,,,,,
68,66.34188,18,20.9851,,,,,,
68.1,66.34188,18,20.9886,,,,,,
68.2,66.34188,18,20.9925,,,,,,
68.3,66.34188,18,20.9939,,,,,,
68.4,66.73254,18,20.9957,,,,,,
68.5,66.73254,18,20.998,,,,,,
68.6,66.73254,18,21.0028,,,,,,
68.7,66.73254,18,21.0075,,,,,,
68.8,66.73254,18,21.0117,,,,,,
68.9,66.73254,18,21.0169,,,,,,
69,67.16539,18,21.0193,,,,,,
69.1,67.16539,18,21.0238,,,,,,
69.2,67.16539,18,21.0273,,,,,,
69.3,67.16539,18,21.0293,,,,,,
69.4,67.16539,18,21.0318,,,,,,
69.5,67.16539,18,21.0307,,,,,,
69.6,67.59604,18,21.0295,,,,,,
69.7,67.59604,18,21.0287,,,,,,
69.8,67.59604,18,21.0284,,,,,,
69.9,67.59604,18,21.0267,,,,,,
70,67.59604,18,21.0235,,,,,,
70.1,67.59604,18,21.0229,,,,,,
70.2,68.06382,18,21.0221,,,,,,
70.3,68.06382,18,21.0208,,,,,,
70.4,68.06382,18,21.0227,,,,,,
70.5,68.06382,18,21.0229,,,,,,
70.6,68.06382,18,21.0241,,,,,,
70.7,68.06382,18,21.0237,,,,,,
70.8,68.53759,18,21.0221,,,,,,
70.9,68.53759,18,21.0216,,,,,,
71,68.53759,18,21.0208,,,,,,
71.1,68.53759,18,21.0218,,,,,,
71.2,68.53759,18,21.0216,,,,,,
71.3,68.53759,18,21.0226,,,,,,
71.4,69.04098,18,21.0248,,,,,,
71.5,69.04098,18,21.0263,,,,,,
71.6,69.04098,18,21.0273,,,,,,
71.7,69.04098,18,21.0268,,,,,,
71.8,69.04098,18,21.027,,,,,,
71.9,69.04098,18,21.0268,,,,,,
72,69.53113,18,21.0279,,,,,,
72.1,69.53113,18,21.0274,,,,,,
72.2,69.53113,18,21.0276,,,,,,
72.3,69.53113,18,21.0274,,,,,,
72.4,69.53113,18,21.0265,,,,,,
72.5,69.53113,18,21.027,,,,,,
72.6,70.03933,18,21.0279,,,,,,
72.7,70.03933,18,21.0265,,,,,,
72.8,70.03933,18,21.0259,,,,,,
72.9,70.03933,18,21.0254,,,,,,
73,70.03933,18,21.0246,,,,,,
73.1,70.03933,18,21.0249,,,,,,
73.2,70.5587,18,21.0243,,,,,,
73.3,70.5587,18,21.0243,,,,,,
73.4,70.5587,18,21.0221,,,,,,
73.5,70.5587,18,21.0232,,,,,,
73.6,70.5587,18,21.023,,,,,,
73.7,70.5587,18,21.023,,,,,,
73.8,71.07075,18,21.0237,,,,,,
73.9,71.07075,18,21.0241,,,,,,
74,71.07075,18,21.0259,,,,,,
74.1,71.07075,18,21.0254,,,,,,
74.2,71.07075,18,21.0248,,,,,,
74.3,71.07075,18,21.0243,,,,,,
74.4,71.61144,18,21.0237,,,,,,
74.5,71.61144,18,21.0246,,,,,,
74.6,71.61144,18,21.0237,,,,,,
74.7,71.61144,18,21.0238,,,,,,
74.8,71.61144,18,21.0227,,,,,,
74.9,71.61144,18,21.0219,,,,,,
75,72.14562,18,21.0215,,,,,,
75.1,72.14562,18,21.0207,,,,,,
75.2,72.14562,18,21.0194,,,,,,
75.3,72.14562,18,21.0189,,,,,,
75.4,72.14562,18,21.02,,,,,,
75.5,72.14562,18,21.0188,,,,,,
75.6,72.67996,18,21.02,,,,,,
75.7,72.67996,18,21.0194,,,,,,
75.8,72.67996,18,21.0193,,,,,,
75.9,72.67996,18,21.02,,,,,,
76,72.67996,18,21.02,,,,,,
76.1,72.67996,18,21.0204,,,,,,
76.2,73.23863,18,21.0218,,,,,,
76.3,73.23863,18,21.023,,,,,,
76.4,73.23863,18,21.0252,,,,,,
76.5,73.23863,18,21.029,,,,,,
76.6,73.23863,18,21.0304,,,,,,
76.7,73.23863,18,21.0323,,,,,,
76.8,73.77917,18,21.0337,,,,,,
76.9,73.77917,18,21.0336,,,,,,
77,73.77917,18,21.0353,,,,,,
77.1,73.77917,18,21.032,,,,,,
77.2,73.77917,18,21.0322,,,,,,
77.3,73.77917,18,21.0309,,,,,,
77.4,74.31399,18,21.0315,,,,,,
77.5,74.31399,18,21.0306,,,,,,
77.6,74.31399,18,21.0312,,,,,,
77.7,74.31399,18,21.0298,,,,,,
77.8,74.31399,18,21.0303,,,,,,
77.9,74.31399,18,21.0298,,,,,,
78,74.87547,18,21.0301,,,,,,
78.1,74.87547,18,21.0312,,,,,,
78.2,74.87547,18,21.0296,,,,,,
78.3,74.87547,18,21.0287,,,,,,
78.4,74.87547,18,21.0278,,,,,,
78.5,74.87547,18,21.0265,,,,,,
78.6,75.42101,18,21.0265,,,,,,
78.7,75.42101,18,21.0259,,,,,,
78.8,75.42101,18,21.0259,,,,,,
78.9,75.42101,18,21.026,,,,,,
79,75.42101,18,21.0257,,,,,,
79.1,75.42101,18,21.0263,,,,,,
79.2,75.98696,18,21.0267,,,,,,
79.3,75.98696,18,21.0284,,,,,,
79.4,75.98696,18,21.029,,,,,,
79.5,75.98696,18,21.0295,,,,,,
79.6,75.98696,18,21.0292,,,,,,
79.7,75.98696,18,21.0293,,,,,,
79.8,76.57704,18,21.0303,,,,,,
79.9,76.57704,18,21.0296,,,,,,
80,76.57704,18,21.0296,,,,,,
80.1,76.57704,18,21.0296,,,,,,
80.2,76.57704,18,21.0304,,,,,,
80.3,76.57704,18,21.0328,,,,,,
80.4,77.22471,18,21.0334,,,,,,
80.5,77.22471,18,21.0358,,,,,,
80.6,77.22471,18,21.0361,,,,,,
80.7,77.22471,18,21.0402,,,,,,
80.8,77.22471,18,21.041,,,,,,
80.9,77.22471,18,21.0428,,,,,,
81,77.84638,18,21.0451,,,,,,
81.1,77.84638,18,21.0495,,,,,,
81.2,77.84638,18,21.0537,,,,,,
81.3,77.84638,18,21.059,,,,,,
81.4,77.84638,18,21.0631,,,,,,
81.5,77.84638,18,21.0702,,,,,,
81.6,78.45587,18,21.0748,,,,,,
81.7,78.45587,18,21.0815,,,,,,
81.8,78.45587,18,21.0858,,,,,,
81.9,78.45587,18,21.0902,,,,,,
82,78.45587,18,21.0943,,,,,,
82.1,78.45587,18,21.0987,,,,,,
82.2,79.07725,18,21.1048,,,,,,
82.3,79.07725,18,21.109,,,,,,
82.4,79.07725,18,21.1141,,,,,,
82.5,79.07725,18,21.1185,,,,,,
82.6,79.07725,18,21.1219,,,,,,
82.7,79.07725,18,21.121,,,,,,
82.8,79.69196,18,21.121,,,,,,
82.9,79.69196,18,21.1188,,,,,,
83,79.69196,18,21.1179,,,,,,
83.1,79.69196,18,21.1153,,,,,,
83.2,79.69196,18,21.1146,,,,,,
83.3,79.69196,18,21.1131,,,,,,
83.4,80.29649,18,21.1124,,,,,,
83.5,80.29649,18,21.1127,,,,,,
83.6,80.29649,18,21.1114,,,,,,
83.7,80.29649,18,21.1114,,,,,,
83.8,80.29649,18,21.1105,,,,,,
83.9,80.29649,18,21.1105,,,,,,
84,80.9016,18,21.11,,,,,,
84.1,80.9016,18,21.1105,,,,,,
84.2,80.9016,18,21.1089,,,,,,
84.3,80.9016,18,21.1083,,,,,,
84.4,80.9016,18,21.1098,,,,,,
84.5,80.9016,18,21.1072,,,,,,
84.6,81.5579,18,21.1076,,,,,,
84.7,81.5579,18,21.1067,,,,,,
84.8,81.5579,18,21.1068,,,,,,
84.9,81.5579,18,21.1046,,,,,,
85,81.5579,18,21.1039,,,,,,
85.1,81.5579,18,21.1013,,,,,,
85.2,82.22637,18,21.1021,,,,,,
85.3,82.22637,18,21.0982,,,,,,
85.4,82.22637,18,21.0971,,,,,,
85.5,82.22637,18,21.0952,,,,,,
85.6,82.22637,18,21.0949,,,,,,
85.7,82.22637,18,21.0974,,,,,,
85.8,82.98033,18,21.0955,,,,,,
85.9,82.98033,18,21.0965,,,,,,
86,82.98033,18,21.0957,,,,,,
86.1,82.98033,18,21.0957,,,,,,
86.2,82.98033,18,21.0966,,,,,,
86.3,82.98033,18,21.0966,,,,,,
86.4,83.83774,18,21.0969,,,,,,
86.5,83.83774,18,21.0976,,,,,,
86.6,83.83774,18,21.0971,,,,,,
86.7,83.83774,18,21.0991,,,,,,
86.8,83.83774,18,21.0998,,,,,,
86.9,83.83774,18,21.0985,,,,,,
87,84.72693,18,21.098,,,,,,
87.1,84.72693,18,21.0946,,,,,,
87.2,84.72693,18,21.0933,,,,,,
87.3,84.72693,18,21.0941,,,,,,
87.4,84.72693,18,21.094,,,,,,
87.5,84.72693,18,21.0936,,,,,,
87.6,85.69448,18,21.0946,,,,,,
87.7,85.69448,18,21.0935,,,,,,
87.8,85.69448,18,21.0919,,,,,,
87.9,85.69448,18,21.0936,,,,,,
88,85.69448,18,21.094,,,,,,
88.1,85.69448,18,21.0924,,,,,,
88.2,86.74007,18,21.0907,,,,,,
88.3,86.74007,18,21.0913,,,,,,
88.4,86.74007,18,21.0918,,,,,,
88.5,86.74007,18,21.0944,,,,,,
88.6,86.74007,18,21.0969,,,,,,
88.7,86.74007,18,21.1018,,,,,,
88.8,87.84485,18,21.1105,,,,,,
88.9,87.84485,18,21.1168,,,,,,
89,87.84485,18,21.1213,,,,,,
89.1,87.84485,18,21.1257,,,,,,
89.2,87.84485,18,21.1315,,,,,,
89.3,87.84485,18,21.1347,,,,,,
89.4,88.99131,18,21.1383,,,,,,
89.5,88.99131,18,21.1411,,,,,,
89.6,88.99131,18,21.1422,,,,,,
89.7,88.99131,18,21.1419,,,,,,
89.8,88.99131,18,21.1422,,,,,,
89.9,88.99131,18,21.1419,,,,,,
90,90.16482,18,21.1427,,,,,,
90.1,90.16482,18,21.1405,,,,,,
90.2,90.16482,18,21.1411,,,,,,
90.3,90.16482,18,21.14,,,,,,
90.4,90.16482,18,21.1388,,,,,,
90.5,90.16482,18,21.1366,,,,,,
90.6,91.36384,18,21.1353,,,,,,
90.7,91.36384,18,21.1333,,,,,,
90.8,91.36384,18,21.1314,,,,,,
90.9,91.36384,18,21.1303,,,,,,
91,91.36384,18,21.1279,,,,,,
91.1,91.36384,18,21.1293,,,,,,
91.2,92.5784,18,21.1257,,,,,,
91.3,92.5784,18,21.1256,,,,,,
91.4,92.5784,18,21.1245,,,,,,
91.5,92.5784,18,21.1241,,,,,,
91.6,92.5784,18,21.123,,,,,,
91.7,92.5784,18,21.1207,,,,,,
91.8,93.78332,18,21.1196,,,,,,
91.9,93.78332,18,21.1168,,,,,,
92,93.78332,18,21.1146,,,,,,
92.1,93.78332,18,21.1112,,,,,,
92.2,93.78332,18,21.1109,,,,,,
92.3,93.78332,18,21.1103,,,,,,
92.4,95.0072,18,21.1076,,,,,,
92.5,95.0072,18,21.1068,,,,,,
92.6,95.0072,18,21.1029,,,,,,
92.7,95.0072,18,21.0999,,,,,,
92.8,95.0072,18,21.0988,,,,,,
92.9,95.0072,18,21.0971,,,,,,
93,96.22965,18,21.0973,,,,,,
93.1,96.22965,18,21.0965,,,,,,
93.2,96.22965,18,21.0943,,,,,,
93.3,96.22965,18,21.0941,,,,,,
93.4,96.22965,18,21.0919,,,,,,
93.5,96.22965,18,21.0908,,,,,,
93.6,97.4646,18,21.087,,,,,,
93.7,97.4646,18,21.0853,,,,,,
93.8,97.4646,18,21.0837,,,,,,
93.9,97.4646,18,21.0814,,,,,,
94,97.4646,18,21.0811,,,,,,
94.1,97.4646,18,21.0807,,,,,,
94.2,98.7026,18,21.0792,,,,,,
94.3,98.7026,18,21.0763,,,,,,
94.4,98.7026,18,21.0752,,,,,,
94.5,98.7026,18,21.0732,,,,,,
94.6,98.7026,18,21.0737,,,,,,
94.7,98.7026,18,21.0751,,,,,,
94.8,99.9436,18,21.0778,,,,,,
94.9,99.9436,18,21.0828,,,,,,
95,99.9436,18,21.0853,,,,,,
95.1,99.9436,18,21.0897,,,,,,
95.2,99.9436,18,21.0927,,,,,,
95.3,99.9436,18,21.0941,,,,,,
95.4,101.16461,18,21.0971,,,,,,
95.5,101.16461,18,21.0991,,,,,,
95.6,101.16461,18,21.1012,,,,,,
95.7,101.16461,18,21.1032,,,,,,
95.8,101.16461,18,21.1042,,,,,,
95.9,101.16461,18,21.1054,,,,,,
96,102.37665,18,21.1068,,,,,,
96.1,102.37665,18,21.1073,,,,,,
96.2,102.37665,18,21.1084,,,,,,
96.3,102.37665,18,21.1098,,,,,,
96.4,102.37665,18,21.1097,,,,,,
96.5,102.37665,18,21.1122,,,,,,
96.6,103.60759,18,21.1124,,,,,,
96.7,103.60759,18,21.1142,,,,,,
96.8,103.60759,18,21.1171,,,,,,
96.9,103.60759,18,21.1218,,,,,,
97,103.60759,18,21.1237,,,,,,
97.1,103.60759,18,21.1257,,,,,,
97.2,104.80602,18,21.1248,,,,,,
97.3,104.80602,18,21.1271,,,,,,
97.4,104.80602,18,21.1267,,,,,,
97.5,104.80602,18,21.1271,,,,,,
97.6,104.80602,18,21.1262,,,,,,
97.7,104.80602,18,21.1248,,,,,,
97.8,106,18,21.1243,,,,,,
97.9,106,18,21.126,,,,,,
98,106,18,21.1279,,,,,,
98.1,106,18,21.13,,,,,,
98.2,106,18,21.1355,,,,,,
98.3,106,18,21.1385,,,,,,
98.4,107.16552,18,21.1418,,,,,,
98.5,107.16552,18,21.1441,,,,,,
98.6,107.16552,18,21.1455,,,,,,
98.7,107.16552,18,21.1469,,,,,,
98.8,107.16552,18,21.1469,,,,,,
98.9,107.16552,18,21.1471,,,,,,
99,108.29419,18,21.1465,,,,,,
99.1,108.29419,18,21.1458,,,,,,
99.2,108.29419,18,21.1458,,,,,,
99.3,108.29419,18,21.1435,,,,,,
99.4,108.29419,18,21.1435,,,,,,
99.5,108.29419,18,21.1424,,,,,,
99.6,109.38506,18,21.1469,,,,,,
99.7,109.38506,18,21.1506,,,,,,
99.8,109.38506,18,21.1561,,,,,,
99.9,109.38506,18,21.1598,,,,,,
100,109.38506,18,21.1619,,,,,,
100.1,109.38506,18,21.1644,,,,,,
100.2,110.44508,18,21.1682,,,,,,
100.3,110.44508,18,21.1732,,,,,,
100.4,110.44508,18,21.1757,,,,,,
100.5,110.44508,18,21.1815,,,,,,
100.6,110.44508,18,21.1892,,,,,,
100.7,110.44508,18,21.1962,,,,,,
100.8,111.48417,18,21.2021,,,,,,
100.9,111.48417,18,21.2067,,,,,,
101,111.48417,18,21.2094,,,,,,
101.1,111.48417,18,21.2125,,,,,,
101.2,111.48417,18,21.2149,,,,,,
101.3,111.48417,18,21.2149,,,,,,
101.4,112.4881,18,21.2166,,,,,,
101.5,112.4881,18,21.2185,,,,,,
101.6,112.4881,18,21.2193,,,,,,
101.7,112.4881,18,21.2207,,,,,,
101.8,112.4881,18,21.2227,,,,,,
101.9,112.4881,18,21.2224,,,,,,
102,113.4806,18,21.2246,,,,,,
102.1,113.4806,18,21.2245,,,,,,
102.2,113.4806,18,21.2256,,,,,,
102.3,113.4806,18,21.2262,,,,,,
102.4,113.4806,18,21.2281,,,,,,
102.5,113.4806,18,21.2298,,,,,,
102.6,114.45598,18,21.2317,,,,,,
102.7,114.45598,18,21.2328,,,,,,
102.8,114.45598,18,21.2333,,,,,,
102.9,114.45598,18,21.2344,,,,,,
103,114.45598,18,21.2363,,,,,,
103.1,114.45598,18,21.2348,,,,,,
103.2,115.39315,18,21.2347,,,,,,
103.3,115.39315,18,21.233,,,,,,
103.4,115.39315,18,21.232,,,,,,
103.5,115.39315,18,21.2298,,,,,,
103.6,115.39315,18,21.2304,,,,,,
103.7,115.39315,18,21.2297,,,,,,
103.8,116.32106,18,21.2303,,,,,,
103.9,116.32106,18,21.2293,,,,,,
104,116.32106,18,21.2304,,,,,,
104.1,116.32106,18,21.2308,,,,,,
104.2,116.32106,18,21.2337,,,,,,
104.3,116.32106,18,21.2356,,,,,,
104.4,117.23775,18,21.2366,,,,,,
104.5,117.23775,18,21.2364,,,,,,
104.6,117.23775,18,21.2381,,,,,,
104.7,117.23775,18,21.2367,,,,,,
104.8,117.23775,18,21.2341,,,,,,
104.9,117.23775,18,21.2334,,,,,,
105,118.11842,18,21.2314,,,,,,
105.1,118.11842,18,21.2306,,,,,,
105.2,118.11842,18,21.2279,,,,,,
105.3,118.11842,18,21.2273,,,,,,
105.4,118.11842,18,21.2246,,,,,,
105.5,118.11842,18,21.2221,,,,,,
105.6,119.00347,18,21.2191,,,,,,
105.7,119.00347,18,21.2171,,,,,,
105.8,119.00347,18,21.2149,,,,,,
105.9,119.00347,18,21.2139,,,,,,
106,119.00347,18,21.2139,,,,,,
106.1,119.00347,18,21.215,,,,,,
106.2,119.85494,18,21.2135,,,,,,
106.3,119.85494,18,21.2141,,,,,,
106.4,119.85494,18,21.2113,,,,,,
106.5,119.85494,18,21.2117,,,,,,
106.6,119.85494,18,21.2117,,,,,,
106.7,119.85494,18,21.2125,,,,,,
106.8,120.75029,18,21.2117,,,,,,
106.9,120.75029,18,21.2109,,,,,,
107,120.75029,18,21.2117,,,,,,
107.1,120.75029,18,21.2119,,,,,,
107.2,120.75029,18,21.2139,,,,,,
107.3,120.75029,18,21.2155,,,,,,
107.4,121.63074,18,21.2179,,,,,,
107.5,121.63074,18,21.2201,,,,,,
107.6,121.63074,18,21.222,,,,,,
107.7,121.63074,18,21.224,,,,,,
107.8,121.63074,18,21.2249,,,,,,
107.9,121.63074,18,21.2284,,,,,,
108,122.52688,18,21.2281,,,,,,
108.1,122.52688,18,21.2282,,,,,,
108.2,122.52688,18,21.2287,,,,,,
108.3,122.52688,18,21.2279,,,,,,
108.4,122.52688,18,21.2259,,,,,,
108.5,122.52688,18,21.2224,,,,,,
108.6,123.49288,18,21.2224,,,,,,
108.7,123.49288,18,21.2201,,,,,,
108.8,123.49288,18,21.2172,,,,,,
108.9,123.49288,18,21.2147,,,,,,
109,123.49288,18,21.2131,,,,,,
109.1,123.49288,18,21.2116,,,,,,
109.2,124.51357,18,21.2105,,,,,,
109.3,124.51357,18,21.2075,,,,,,
109.4,124.51357,18,21.2064,,,,,,
109.5,124.51357,18,21.2053,,,,,,
109.6,124.51357,18,21.2042,,,,,,
109.7,124.51357,18,21.2029,,,,,,
109.8,125.56132,18,21.2034,,,,,,
109.9,125.56132,18,21.2023,,,,,,
110,125.56132,18,21.202,,,,,,
110.1,125.56132,18,21.2007,,,,,,
110.2,125.56132,18,21.2009,,,,,,
110.3,125.56132,18,21.2003,,,,,,
110.4,126.69264,18,21.1998,,,,,,
110.5,126.69264,18,21.1992,,,,,,
110.6,126.69264,18,21.1999,,,,,,
110.7,126.69264,18,21.1998,,,,,,
110.8,126.69264,18,21.1988,,,,,,
110.9,126.69264,18,21.1969,,,,,,
111,127.85852,18,21.196,,,,,,
111.1,127.85852,18,21.1957,,,,,,
111.2,127.85852,18,21.1955,,,,,,
111.3,127.85852,18,21.1982,,,,,,
111.4,127.85852,18,21.1987,,,,,,
111.5,127.85852,18,21.2007,,,,,,
111.6,129.08404,18,21.2012,,,,,,
111.7,129.08404,18,21.2007,,,,,,
111.8,129.08404,18,21.2003,,,,,,
111.9,129.08404,18,21.2007,,,,,,
112,129.08404,18,21.2001,,,,,,
112.1,129.08404,18,21.1995,,,,,,
112.2,130.39101,18,21.1992,,,,,,
112.3,130.39101,18,21.1969,,,,,,
112.4,130.39101,18,21.1958,,,,,,
112.5,130.39101,18,21.1936,,,,,,
112.6,130.39101,18,21.1936,,,,,,
112.7,130.39101,18,21.1927,,,,,,
112.8,131.77893,18,21.1922,,,,,,
112.9,131.77893,18,21.1907,,,,,,
113,131.77893,18,21.1913,,,,,,
113.1,131.77893,18,21.1907,,,,,,
113.2,131.77893,18,21.191,,,,,,
113.3,131.77893,18,21.1907,,,,,,
113.4,133.2946,18,21.1899,,,,,,
113.5,133.2946,18,21.1894,,,,,,
113.6,133.2946,18,21.1891,,,,,,
113.7,133.2946,18,21.1878,,,,,,
113.8,133.2946,18,21.1881,,,,,,
113.9,133.2946,18,21.19,,,,,,
114,134.92887,18,21.1914,,,,,,
114.1,134.92887,18,21.1947,,,,,,
114.2,134.92887,18,21.1962,,,,,,
114.3,134.92887,18,21.1966,,,,,,
114.4,134.92887,18,21.1979,,,,,,
114.5,134.92887,18,21.1979,,,,,,
114.6,136.66476,18,21.1988,,,,,,
114.7,136.66476,18,21.2014,,,,,,
114.8,136.66476,18,21.1996,,,,,,
114.9,136.66476,18,21.2003,,,,,,
115,136.66476,18,21.201,,,,,,
115.1,136.66476,18,21.2023,,,,,,
115.2,138.49182,18,21.2015,,,,,,
115.3,138.49182,18,21.2032,,,,,,
115.4,138.49182,18,21.2042,,,,,,
115.5,138.49182,18,21.2072,,,,,,
115.6,138.49182,18,21.21,,,,,,
115.7,138.49182,18,21.2103,,,,,,
115.8,140.43327,18,21.2114,,,,,,
115.9,140.43327,18,21.2146,,,,,,
116,140.43327,18,21.2135,,,,,,
116.1,140.43327,18,21.2127,,,,,,
116.2,140.43327,18,21.2133,,,,,,
116.3,140.43327,18,21.2117,,,,,,
116.4,142.45156,18,21.212,,,,,,
116.5,142.45156,18,21.2124,,,,,,
116.6,142.45156,18,21.2125,,,,,,
116.7,142.45156,18,21.2106,,,,,,
116.8,142.45156,18,21.2116,,,,,,
116.9,142.45156,18,21.2105,,,,,,
117,144.52464,18,21.2092,,,,,,
117.1,144.52464,18,21.2086,,,,,,
117.2,144.52464,18,21.2119,,,,,,
117.3,144.52464,18,21.2139,,,,,,
117.4,144.52464,18,21.215,,,,,,
117.5,144.52464,18,21.2139,,,,,,
117.6,146.6454,18,21.2141,,,,,,
117.7,146.6454,18,21.2141,,,,,,
117.8,146.6454,18,21.2157,,,,,,
117.9,146.6454,18,21.2179,,,,,,
118,146.6454,18,21.2175,,,,,,
118.1,146.6454,18,21.2179,,,,,,
118.2,148.8173,18,21.2168,,,,,,
118.3,148.8173,18,21.2155,,,,,,
118.4,148.8173,18,21.216,,,,,,
118.5,148.8173,18,21.2146,,,,,,
118.6,148.8173,18,21.2138,,,,,,
118.7,148.8173,18,21.2133,,,,,,
118.8,151.08014,18,21.2103,,,,,,
118.9,151.08014,18,21.2086,,,,,,
119,151.08014,18,21.2067,,,,,,
119.1,151.08014,18,21.2064,,,,,,
119.2,151.08014,18,21.204,,,,,,
119.3,151.08014,18,21.2043,,,,,,
119.4,153.36883,18,21.2028,,,,,,
119.5,153.36883,18,21.2023,,,,,,
119.6,153.36883,18,21.2031,,,,,,
119.7,153.36883,18,21.2032,,,,,,
119.8,153.36883,18,21.2054,,,,,,
119.9,153.36883,18,21.205,,,,,,
120,155.75206,18,21.2061,,,,,,
120.1,155.75206,18,21.2067,,,,,,
120.2,155.75206,18,21.207,,,,,,
120.3,155.75206,18,21.207,,,,,,
120.4,155.75206,18,21.2078,,,,,,
120.5,155.75206,18,21.2092,,,,,,
120.6,158.13023,18,21.21,,,,,,
120.7,158.13023,18,21.2091,,,,,,
120.8,158.13023,18,21.2102,,,,,,
120.9,158.13023,18,21.2102,,,,,,
121,158.13023,18,21.2106,,,,,,
121.1,158.13023,18,21.2138,,,,,,
121.2,160.59729,18,21.2161,,,,,,
121.3,160.59729,18,21.2196,,,,,,
121.4,160.59729,18,21.2209,,,,,,
121.5,160.59729,18,21.2235,,,,,,
121.6,160.59729,18,21.2253,,,,,,
121.7,160.59729,18,21.2259,,,,,,
121.8,163.15867,18,21.2289,,,,,,
121.9,163.15867,18,21.2306,,,,,,
122,163.15867,18,21.2308,,,,,,
122.1,163.15867,18,21.2322,,,,,,
122.2,163.15867,18,21.2325,,,,,,
122.3,163.15867,18,21.23,,,,,,
122.4,165.80781,18,21.2279,,,,,,
122.5,165.80781,18,21.2275,,,,,,
122.6,165.80781,18,21.2281,,,,,,
122.7,165.80781,18,21.2276,,,,,,
122.8,165.80781,18,21.2301,,,,,,
122.9,165.80781,18,21.2312,,,,,,
123,168.53252,18,21.2325,,,,,,
123.1,168.53252,18,21.2337,,,,,,
123.2,168.53252,18,21.2341,,,,,,
123.3,168.53252,18,21.2315,,,,,,
123.4,168.53252,18,21.2309,,,,,,
123.5,168.53252,18,21.2287,,,,,,
123.6,171.37773,18,21.2298,,,,,,
123.7,171.37773,18,21.2298,,,,,,
123.8,171.37773,18,21.2331,,,,,,
123.9,171.37773,18,21.2328,,,,,,
124,171.37773,18,21.2341,,,,,,
124.1,171.37773,18,21.2367,,,,,,
124.2,174.26955,18,21.2369,,,,,,
124.3,174.26955,18,21.237,,,,,,
124.4,174.26955,18,21.2381,,,,,,
124.5,174.26955,18,21.2385,,,,,,
124.6,174.26955,18,21.2366,,,,,,
124.7,174.26955,18,21.2374,,,,,,
124.8,177.24723,18,21.2366,,,,,,
124.9,177.24723,18,21.2388,,,,,,
125,177.24723,18,21.2372,,,,,,
125.1,177.24723,18,21.2367,,,,,,
125.2,177.24723,18,21.2377,,,,,,
125.3,177.24723,18,21.2358,,,,,,
125.4,180.27902,18,21.2319,,,,,,
125.5,180.27902,18,21.2312,,,,,,
125.6,180.27902,18,21.2301,,,,,,
125.7,180.27902,18,21.2306,,,,,,
125.8,180.27902,18,21.2322,,,,,,
125.9,180.27902,18,21.2356,,,,,,
126,183.48068,18,21.2348,,,,,,
126.1,183.48068,18,21.2399,,,,,,
126.2,183.48068,18,21.2427,,,,,,
126.3,183.48068,18,21.2459,,,,,,
126.4,183.48068,18,21.2479,,,,,,
126.5,183.48068,18,21.2498,,,,,,
126.6,186.74716,18,21.2495,,,,,,
126.7,186.74716,18,21.2507,,,,,,
126.8,186.74716,18,21.2507,,,,,,
126.9,186.74716,18,21.2504,,,,,,
127,186.74716,18,21.2485,,,,,,
127.1,186.74716,18,21.2493,,,,,,
127.2,189.95384,18,21.2476,,,,,,
127.3,189.95384,18,21.2471,,,,,,
127.4,189.95384,18,21.2492,,,,,,
127.5,189.95384,18,21.2501,,,,,,
127.6,189.95384,18,21.2499,,,,,,
127.7,189.95384,18,21.2525,,,,,,
127.8,193.31381,18,21.2553,,,,,,
127.9,193.31381,18,21.2575,,,,,,
128,193.31381,18,21.2608,,,,,,
128.1,193.31381,18,21.265,,,,,,
128.2,193.31381,18,21.2701,,,,,,
128.3,193.31381,18,21.2753,,,,,,
128.4,196.91669,18,21.2781,,,,,,
128.5,196.91669,18,21.2801,,,,,,
128.6,196.91669,18,21.2823,,,,,,
128.7,196.91669,18,21.2836,,,,,,
128.8,196.91669,18,21.2841,,,,,,
128.9,196.91669,18,21.2852,,,,,,
129,200.65242,18,21.2855,,,,,,
129.1,200.65242,18,21.2866,,,,,,
129.2,200.65242,18,21.2902,,,,,,
129.3,200.65242,18,21.2913,,,,,,
129.4,200.65242,18,21.2948,,,,,,
129.5,200.65242,18,21.2984,,,,,,
129.6,204.42751,18,21.3014,,,,,,
129.7,204.42751,18,21.305,,,,,,
129.8,204.42751,18,21.3059,,,,,,
129.9,204.42751,18,21.3081,,,,,,
130,204.42751,18,21.3114,,,,,,
130.1,204.42751,18,21.3124,,,,,,
130.2,208.3268,18,21.3158,,,,,,
130.3,208.3268,18,21.3171,,,,,,
130.4,208.3268,18,21.319,,,,,,
130.5,208.3268,18,21.3209,,,,,,
130.6,208.3268,18,21.3215,,,,,,
130.7,208.3268,18,21.3223,,,,,,
130.8,212.44115,18,21.3237,,,,,,
130.9,212.44115,18,21.3232,,,,,,
131,212.44115,18,21.3215,,,,,,
131.1,212.44115,18,21.3209,,,,,,
131.2,212.44115,18,21.3194,,,,,,
131.3,212.44115,18,21.3169,,,,,,
131.4,216.60832,18,21.3139,,,,,,
131.5,216.60832,18,21.3143,,,,,,
131.6,216.60832,18,21.3117,,,,,,
131.7,216.60832,18,21.3105,,,,,,
131.8,216.60832,18,21.3113,,,,,,
131.9,216.60832,18,21.3108,,,,,,
132,220.71479,18,21.3105,,,,,,
132.1,220.71479,18,21.3095,,,,,,
132.2,220.71479,18,21.3077,,,,,,
132.3,220.71479,18,21.3061,,,,,,
132.4,220.71479,18,21.3033,,,,,,
132.5,220.71479,18,21.3021,,,,,,
132.6,224.9833,18,21.2999,,,,,,
132.7,224.9833,18,21.2976,,,,,,
132.8,224.9833,18,21.2963,,,,,,
132.9,224.9833,18,21.2962,,,,,,
133,224.9833,18,21.2943,,,,,,
133.1,224.9833,18,21.2905,,,,,,
133.2,229.27677,18,21.2867,,,,,,
133.3,229.27677,18,21.285,,,,,,
133.4,229.27677,18,21.2822,,,,,,
133.5,229.27677,18,21.2792,,,,,,
133.6,229.27677,18,21.2789,,,,,,
133.7,229.27677,18,21.2756,,,,,,
133.8,233.80878,18,21.2742,,,,,,
133.9,233.80878,18,21.2735,,,,,,
134,233.80878,18,21.2718,,,,,,
134.1,233.80878,18,21.2688,,,,,,
134.2,233.80878,18,21.2668,,,,,,
134.3,233.80878,18,21.2632,,,,,,
134.4,238.1976,18,21.2609,,,,,,
134.5,238.1976,18,21.2576,,,,,,
134.6,238.1976,18,21.2564,,,,,,
134.7,238.1976,18,21.2547,,,,,,
134.8,238.1976,18,21.254,,,,,,
134.9,238.1976,18,21.2536,,,,,,
135,242.61295,18,21.2523,,,,,,
135.1,242.61295,18,21.2501,,,,,,
135.2,242.61295,18,21.2523,,,,,,
135.3,242.61295,18,21.2503,,,,,,
135.4,242.61295,18,21.2484,,,,,,
135.5,242.61295,18,21.2466,,,,,,
135.6,247.4201,18,21.2451,,,,,,
135.7,247.4201,18,21.2443,,,,,,
135.8,247.4201,18,21.241,,,,,,
135.9,247.4201,18,21.2377,,,,,,
136,247.4201,18,21.2367,,,,,,
136.1,247.4201,18,21.2341,,,,,,
136.2,252.21053,18,21.2342,,,,,,
136.3,252.21053,18,21.2366,,,,,,
136.4,252.21053,18,21.24,,,,,,
136.5,252.21053,18,21.2408,,,,,,
136.6,252.21053,18,21.2427,,,,,,
136.7,252.21053,18,21.2441,,,,,,
136.8,256.82985,18,21.2454,,,,,,
136.9,256.82985,18,21.2477,,,,,,
137,256.82985,18,21.2485,,,,,,
137.1,256.82985,18,21.2487,,,,,,
137.2,256.82985,18,21.2496,,,,,,
137.3,256.82985,18,21.2504,,,,,,
137.4,261.53191,18,21.2506,,,,,,
137.5,261.53191,18,21.2484,,,,,,
137.6,261.53191,18,21.2451,,,,,,
137.7,261.53191,18,21.2418,,,,,,
137.8,261.53191,18,21.2407,,,,,,
137.9,261.53191,18,21.2383,,,,,,
138,266.33903,18,21.2394,,,,,,
138.1,266.33903,18,21.2377,,,,,,
138.2,266.33903,18,21.2378,,,,,,
138.3,266.33903,18,21.2372,,,,,,
138.4,266.33903,18,21.2383,,,,,,
138.5,266.33903,18,21.2381,,,,,,
138.6,271.12449,18,21.238,,,,,,
138.7,271.12449,18,21.2396,,,,,,
138.8,271.12449,18,21.2385,,,,,,
138.9,271.12449,18,21.2378,,,,,,
139,271.12449,18,21.2363,,,,,,
139.1,271.12449,18,21.2348,,,,,,
139.2,275.79618,18,21.2345,,,,,,
139.3,275.79618,18,21.2352,,,,,,
139.4,275.79618,18,21.2361,,,,,,
139.5,275.79618,18,21.2352,,,,,,
139.6,275.79618,18,21.2345,,,,,,
139.7,275.79618,18,21.2323,,,,,,
139.8,279.91348,18,21.2312,,,,,,
139.9,279.91348,18,21.2287,,,,,,
140,279.91348,18,21.2297,,,,,,
140.1,279.91348,18,21.2281,,,,,,
140.2,279.91348,18,21.2254,,,,,,
140.3,279.91348,18,21.2246,,,,,,
140.4,284.14672,18,21.2227,,,,,,
140.5,284.14672,18,21.2199,,,,,,
140.6,284.14672,18,21.2168,,,,,,
140.7,284.14672,18,21.215,,,,,,
140.8,284.14672,18,21.2157,,,,,,
140.9,284.14672,18,21.2179,,,,,,
141,288.44328,18,21.2186,,,,,,
141.1,288.44328,18,21.2193,,,,,,
141.2,288.44328,18,21.2185,,,,,,
141.3,288.44328,18,21.2183,,,,,,
141.4,288.44328,18,21.2231,,,,,,
141.5,288.44328,18,21.23,,,,,,
141.6,292.67902,18,21.2337,,,,,,
141.7,292.67902,18,21.2359,,,,,,
141.8,292.67902,18,21.2386,,,,,,
141.9,292.67902,18,21.2383,,,,,,
142,292.67902,18,21.2389,,,,,,
142.1,292.67902,18,21.2405,,,,,,
142.2,296.87758,18,21.2459,,,,,,
142.3,296.87758,18,21.2498,,,,,,
142.4,296.87758,18,21.2545,,,,,,
142.5,296.87758,18,21.258,,,,,,
142.6,296.87758,18,21.2632,,,,,,
142.7,296.87758,18,21.2691,,,,,,
142.8,300.79876,18,21.272,,,,,,
142.9,300.79876,18,21.2773,,,,,,
143,300.79876,18,21.2798,,,,,,
143.1,300.79876,18,21.2836,,,,,,
143.2,300.79876,18,21.2841,,,,,,
143.3,300.79876,18,21.2841,,,,,,
143.4,304.35946,18,21.2819,,,,,,
143.5,304.35946,18,21.2825,,,,,,
143.6,304.35946,18,21.2828,,,,,,
143.7,304.35946,18,21.2811,,,,,,
143.8,304.35946,18,21.2803,,,,,,
143.9,304.35946,18,21.2798,,,,,,
144,308.03036,18,21.2808,,,,,,
144.1,308.03036,18,21.2819,,,,,,
144.2,308.03036,18,21.2815,,,,,,
144.3,308.03036,18,21.2823,,,,,,
144.4,308.03036,18,21.2845,,,,,,
144.5,308.03036,18,21.2853,,,,,,
144.6,310.99754,18,21.2867,,,,,,
144.7,310.99754,18,21.2863,,,,,,
144.8,310.99754,18,21.2875,,,,,,
144.9,310.99754,18,21.2878,,,,,,
145,310.99754,18,21.2863,,,,,,
145.1,310.99754,18,21.2875,,,,,,
145.2,313.69201,18,21.2885,,,,,,
145.3,313.69201,18,21.2893,,,,,,
145.4,313.69201,18,21.2891,,,,,,
145.5,313.69201,18,21.2897,,,,,,
145.6,313.69201,18,21.2911,,,,,,
145.7,313.69201,18,21.2907,,,,,,
145.8,316.46828,18,21.2913,,,,,,
145.9,316.46828,18,21.2927,,,,,,
146,316.46828,18,21.2905,,,,,,
146.1,316.46828,18,21.29,,,,,,
146.2,316.46828,18,21.2883,,,,,,
146.3,316.46828,18,21.286,,,,,,
146.4,319.55486,18,21.2845,,,,,,
146.5,319.55486,18,21.2825,,,,,,
146.6,319.55486,18,21.2823,,,,,,
146.7,319.55486,18,21.2822,,,,,,
146.8,319.55486,18,21.2842,,,,,,
146.9,319.55486,18,21.2814,,,,,,
147,322.16329,18,21.2801,,,,,,
147.1,322.16329,18,21.2779,,,,,,
147.2,322.16329,18,21.2753,,,,,,
147.3,322.16329,18,21.2735,,,,,,
147.4,322.16329,18,21.271,,,,,,
147.5,322.16329,18,21.2677,,,,,,
147.6,324.50203,18,21.2649,,,,,,
147.7,324.50203,18,21.2643,,,,,,
147.8,324.50203,18,21.2597,,,,,,
147.9,324.50203,18,21.2597,,,,,,
148,324.50203,18,21.2589,,,,,,
148.1,324.50203,18,21.2551,,,,,,
148.2,327.06999,18,21.2525,,,,,,
148.3,327.06999,18,21.2495,,,,,,
148.4,327.06999,18,21.2476,,,,,,
148.5,327.06999,18,21.2465,,,,,,
148.6,327.06999,18,21.2454,,,,,,
148.7,327.06999,18,21.2424,,,,,,
148.8,328.36921,18,21.2405,,,,,,
148.9,328.36921,18,21.24,,,,,,
149,328.36921,18,21.2381,,,,,,
149.1,328.36921,18,21.2375,,,,,,
149.2,328.36921,18,21.2358,,,,,,
149.3,328.36921,18,21.233,,,,,,
149.4,329.01887,18,21.2317,,,,,,
149.5,329.01887,18,21.2289,,,,,,
149.6,329.01887,18,21.2265,,,,,,
149.7,329.01887,18,21.2249,,,,,,
149.8,329.01887,18,21.2223,,,,,,
149.9,329.01887,18,21.2212,,,,,,
150,329.72205,18,21.2177,,,,,,
150.1,329.72205,18,21.216,,,,,,
150.2,329.72205,18,21.2152,,,,,,
150.3,329.72205,18,21.2144,,,,,,
150.4,329.72205,18,21.2138,,,,,,
150.5,329.72205,18,21.2109,,,,,,
150.6,329.94038,18,21.2108,,,,,,
150.7,329.94038,18,21.2083,,,,,,
150.8,329.94038,18,21.2067,,,,,,
150.9,329.94038,18,21.2051,,,,,,
151,329.94038,18,21.2028,,,,,,
151.1,329.94038,18,21.2025,,,,,,
151.2,330.66011,18,21.2018,,,,,,
151.3,330.66011,18,21.202,,,,,,
151.4,330.66011,18,21.1995,,,,,,
151.5,330.66011,18,21.1987,,,,,,
151.6,330.66011,18,21.1985,,,,,,
151.7,330.66011,18,21.1996,,,,,,
151.8,331.07748,18,21.1996,,,,,,
151.9,331.07748,18,21.1999,,,,,,
152,331.07748,18,21.2009,,,,,,
152.1,331.07748,18,21.1999,,,,,,
152.2,331.07748,18,21.2003,,,,,,
152.3,331.07748,18,21.1995,,,,,,
152.4,330.66082,18,21.1995,,,,,,
152.5,330.66082,18,21.1996,,,,,,
152.6,330.66082,18,21.2001,,,,,,
152.7,330.66082,18,21.2018,,,,,,
152.8,330.66082,18,21.2014,,,,,,
152.9,330.66082,18,21.2021,,,,,,
153,329.69343,18,21.2034,,,,,,
153.1,329.69343,18,21.2028,,,,,,
153.2,329.69343,18,21.2045,,,,,,
153.3,329.69343,18,21.2037,,,,,,
153.4,329.69343,18,21.2051,,,,,,
153.5,329.69343,18,21.2067,,,,,,
153.6,327.86166,18,21.2087,,,,,,
153.7,327.86166,18,21.2095,,,,,,
153.8,327.86166,18,21.2133,,,,,,
153.9,327.86166,18,21.2133,,,,,,
154,327.86166,18,21.2133,,,,,,
154.1,327.86166,18,21.216,,,,,,
154.2,325.80601,18,21.2157,,,,,,
154.3,325.80601,18,21.2177,,,,,,
154.4,325.80601,18,21.2185,,,,,,
154.5,325.80601,18,21.2186,,,,,,
154.6,325.80601,18,21.2197,,,,,,
154.7,325.80601,18,21.2205,,,,,,
154.8,322.79698,18,21.2216,,,,,,
154.9,322.79698,18,21.2234,,,,,,
155,322.79698,18,21.2235,,,,,,
155.1,322.79698,18,21.2235,,,,,,
155.2,322.79698,18,21.2253,,,,,,
155.3,322.79698,18,21.2264,,,,,,
155.4,323.09055,18,21.2284,,,,,,
155.5,323.09055,18,21.2303,,,,,,
155.6,323.09055,18,21.2303,,,,,,
155.7,323.09055,18,21.2306,,,,,,
155.8,323.09055,18,21.2309,,,,,,
155.9,323.09055,18,21.2311,,,,,,
156,322.61305,18,21.2317,,,,,,
156.1,322.61305,18,21.2322,,,,,,
156.2,322.61305,18,21.2323,,,,,,
156.3,322.61305,18,21.2334,,,,,,
156.4,322.61305,18,21.2333,,,,,,
156.5,322.61305,18,21.2353,,,,,,
156.6,320.20685,18,21.2341,,,,,,
156.7,320.20685,18,21.2339,,,,,,
156.8,320.20685,18,21.233,,,,,,
156.9,320.20685,18,21.2326,,,,,,
157,320.20685,18,21.2322,,,,,,
157.1,320.20685,18,21.2323,,,,,,
157.2,316.78754,18,21.2331,,,,,,
157.3,316.78754,18,21.2334,,,,,,
157.4,316.78754,18,21.2336,,,,,,
157.5,316.78754,18,21.2341,,,,,,
157.6,316.78754,18,21.2333,,,,,,
157.7,316.78754,18,21.2325,,,,,,
157.8,313.81547,18,21.2311,,,,,,
157.9,313.81547,18,21.2297,,,,,,
158,313.81547,18,21.2293,,,,,,
158.1,313.81547,18,21.2284,,,,,,
158.2,313.81547,18,21.2279,,,,,,
158.3,313.81547,18,21.2265,,,,,,
158.4,311.23901,18,21.226,,,,,,
158.5,311.23901,18,21.2256,,,,,,
158.6,311.23901,18,21.2245,,,,,,
158.7,311.23901,18,21.2253,,,,,,
158.8,311.23901,18,21.2245,,,,,,
158.9,311.23901,18,21.2235,,,,,,
159,310.76905,18,21.2226,,,,,,
159.1,310.76905,18,21.2226,,,,,,
159.2,310.76905,18,21.2238,,,,,,
159.3,310.76905,18,21.2246,,,,,,
159.4,310.76905,18,21.224,,,,,,
159.5,310.76905,18,21.2249,,,,,,
159.6,309.72431,18,21.226,,,,,,
159.7,309.72431,18,21.2271,,,,,,
159.8,309.72431,18,21.2278,,,,,,
159.9,309.72431,18,21.2293,,,,,,
160,309.72431,18,21.23,,,,,,
160.1,309.72431,18,21.2301,,,,,,
160.2,308.75477,18,21.2311,,,,,,
160.3,308.75477,18,21.2331,,,,,,
160.4,308.75477,18,21.2339,,,,,,
160.5,308.75477,18,21.235,,,,,,
160.6,308.75477,18,21.2381,,,,,,
160.7,308.75477,18,21.2389,,,,,,
160.8,307.64489,18,21.2397,,,,,,
160.9,307.64489,18,21.2405,,,,,,
161,307.64489,18,21.2397,,,,,,
161.1,307.64489,18,21.2386,,,,,,
161.2,307.64489,18,21.2366,,,,,,
161.3,307.64489,18,21.2361,,,,,,
161.4,306.16252,18,21.2348,,,,,,
161.5,306.16252,18,21.2353,,,,,,
161.6,306.16252,18,21.2348,,,,,,
161.7,306.16252,18,21.2341,,,,,,
161.8,306.16252,18,21.2352,,,,,,
161.9,306.16252,18,21.2348,,,,,,
162,304.68461,18,21.2331,,,,,,
162.1,304.68461,18,21.2336,,,,,,
162.2,304.68461,18,21.2319,,,,,,
162.3,304.68461,18,21.2314,,,,,,
162.4,304.68461,18,21.2301,,,,,,
162.5,304.68461,18,21.2282,,,,,,
162.6,302.93916,18,21.2295,,,,,,
162.7,302.93916,18,21.2311,,,,,,
162.8,302.93916,18,21.2301,,,,,,
162.9,302.93916,18,21.2306,,,,,,
163,302.93916,18,21.23,,,,,,
163.1,302.93916,18,21.2287,,,,,,
163.2,300.78544,18,21.2273,,,,,,
163.3,300.78544,18,21.2253,,,,,,
163.4,300.78544,18,21.2265,,,,,,
163.5,300.78544,18,21.2248,,,,,,
163.6,300.78544,18,21.2248,,,,,,
163.7,300.78544,18,21.2253,,,,,,
163.8,298.70736,18,21.226,,,,,,
163.9,298.70736,18,21.2276,,,,,,
164,298.70736,18,21.2275,,,,,,
164.1,298.70736,18,21.2293,,,,,,
164.2,298.70736,18,21.2292,,,,,,
164.3,298.70736,18,21.2312,,,,,,
164.4,296.50254,18,21.2344,,,,,,
164.5,296.50254,18,21.2364,,,,,,
164.6,296.50254,18,21.2389,,,,,,
164.7,296.50254,18,21.2427,,,,,,
164.8,296.50254,18,21.2476,,,,,,
164.9,296.50254,18,21.254,,,,,,
165,294.43955,18,21.2608,,,,,,
165.1,294.43955,18,21.2652,,,,,,
165.2,294.43955,18,21.2698,,,,,,
165.3,294.43955,18,21.2762,,,,,,
165.4,294.43955,18,21.2819,,,,,,
165.5,294.43955,18,21.2878,,,,,,
165.6,292.20901,18,21.293,,,,,,
165.7,292.20901,18,21.2965,,,,,,
165.8,292.20901,18,21.2971,,,,,,
165.9,292.20901,18,21.2968,,,,,,
166,292.20901,18,21.2982,,,,,,
166.1,292.20901,18,21.2993,,,,,,
166.2,289.74424,18,21.2984,,,,,,
166.3,289.74424,18,21.2971,,,,,,
166.4,289.74424,18,21.2957,,,,,,
166.5,289.74424,18,21.2951,,,,,,
166.6,289.74424,18,21.2944,,,,,,
166.7,289.74424,18,21.2933,,,,,,
166.8,287.53323,18,21.294,,,,,,
166.9,287.53323,18,21.2924,,,,,,
167,287.53323,18,21.2905,,,,,,
167.1,287.53323,18,21.2916,,,,,,
167.2,287.53323,18,21.2883,,,,,,
167.3,287.53323,18,21.2888,,,,,,
167.4,285.3697,18,21.2894,,,,,,
167.5,285.3697,18,21.2866,,,,,,
167.6,285.3697,18,21.2852,,,,,,
167.7,285.3697,18,21.2852,,,,,,
167.8,285.3697,18,21.2828,,,,,,
167.9,285.3697,18,21.2817,,,,,,
168,283.08308,18,21.2817,,,,,,
168.1,283.08308,18,21.2804,,,,,,
168.2,283.08308,18,21.2768,,,,,,
168.3,283.08308,18,21.277,,,,,,
168.4,283.08308,18,21.2746,,,,,,
168.5,283.08308,18,21.274,,,,,,
168.6,280.7328,18,21.2732,,,,,,
168.7,280.7328,18,21.2718,,,,,,
168.8,280.7328,18,21.2698,,,,,,
168.9,280.7328,18,21.2687,,,,,,
169,280.7328,18,21.2641,,,,,,
169.1,280.7328,18,21.2627,,,,,,
169.2,278.5846,18,21.2603,,,,,,
169.3,278.5846,18,21.2587,,,,,,
169.4,278.5846,18,21.2576,,,,,,
169.5,278.5846,18,21.2554,,,,,,
169.6,278.5846,18,21.2545,,,,,,
169.7,278.5846,18,21.2558,,,,,,
169.8,276.58058,18,21.2608,,,,,,
169.9,276.58058,18,21.2655,,,,,,
170,276.58058,18,21.2701,,,,,,
170.1,276.58058,18,21.2715,,,,,,
170.2,276.58058,18,21.2729,,,,,,
170.3,276.58058,18,21.2729,,,,,,
170.4,274.73606,18,21.2727,,,,,,
170.5,274.73606,18,21.2751,,,,,,
170.6,274.73606,18,21.2756,,,,,,
170.7,274.73606,18,21.2775,,,,,,
170.8,274.73606,18,21.2781,,,,,,
170.9,274.73606,18,21.2784,,,,,,
171,272.91461,18,21.2795,,,,,,
171.1,272.91461,18,21.2803,,,,,,
171.2,272.91461,18,21.2798,,,,,,
171.3,272.91461,18,21.2804,,,,,,
171.4,272.91461,18,21.2814,,,,,,
171.5,272.91461,18,21.2809,,,,,,
171.6,271.09878,18,21.282,,,,,,
171.7,271.09878,18,21.2804,,,,,,
171.8,271.09878,18,21.2808,,,,,,
171.9,271.09878,18,21.2803,,,,,,
172,271.09878,18,21.2797,,,,,,
172.1,271.09878,18,21.2792,,,,,,
172.2,269.33931,18,21.2815,,,,,,
172.3,269.33931,18,21.2822,,,,,,
172.4,269.33931,18,21.2834,,,,,,
172.5,269.33931,18,21.2853,,,,,,
172.6,269.33931,18,21.2856,,,,,,
172.7,269.33931,18,21.2863,,,,,,
172.8,267.49166,18,21.2869,,,,,,
172.9,267.49166,18,21.2871,,,,,,
173,267.49166,18,21.2875,,,,,,
173.1,267.49166,18,21.29,,,,,,
173.2,267.49166,18,21.2921,,,,,,
173.3,267.49166,18,21.2948,,,,,,
173.4,265.61302,18,21.2973,,,,,,
173.5,265.61302,18,21.2996,,,,,,
173.6,265.61302,18,21.3037,,,,,,
173.7,265.61302,18,21.3077,,,,,,
173.8,265.61302,18,21.3094,,,,,,
173.9,265.61302,18,21.3102,,,,,,
174,263.77366,18,21.3135,,,,,,
174.1,263.77366,18,21.3163,,,,,,
174.2,263.77366,18,21.3193,,,,,,
174.3,263.77366,18,21.3218,,,,,,
174.4,263.77366,18,21.3212,,,,,,
174.5,263.77366,18,21.3232,,,,,,
174.6,261.88554,18,21.324,,,,,,
174.7,261.88554,18,21.3261,,,,,,
174.8,261.88554,18,21.3279,,,,,,
174.9,261.88554,18,21.3316,,,,,,
175,261.88554,18,21.3328,,,,,,
175.1,261.88554,18,21.3347,,,,,,
175.2,260.09187,18,21.3344,,,,,,
175.3,260.09187,18,21.3349,,,,,,
175.4,260.09187,18,21.3344,,,,,,
175.5,260.09187,18,21.3355,,,,,,
175.6,260.09187,18,21.3363,,,,,,
175.7,260.09187,18,21.3367,,,,,,
175.8,258.27328,18,21.3397,,,,,,
175.9,258.27328,18,21.3422,,,,,,
176,258.27328,18,21.3448,,,,,,
176.1,258.27328,18,21.3438,,,,,,
176.2,258.27328,18,21.3424,,,,,,
176.3,258.27328,18,21.3435,,,,,,
176.4,256.59348,18,21.3415,,,,,,
176.5,256.59348,18,21.3411,,,,,,
176.6,256.59348,18,21.3394,,,,,,
176.7,256.59348,18,21.3397,,,,,,
176.8,256.59348,18,21.3386,,,,,,
176.9,256.59348,18,21.3374,,,,,,
177,254.86467,18,21.3358,,,,,,
177.1,254.86467,18,21.335,,,,,,
177.2,254.86467,18,21.3333,,,,,,
177.3,254.86467,18,21.3325,,,,,,
177.4,254.86467,18,21.3309,,,,,,
177.5,254.86467,18,21.3295,,,,,,
177.6,253.11953,18,21.3287,,,,,,
177.7,253.11953,18,21.3272,,,,,,
177.8,253.11953,18,21.3268,,,,,,
177.9,253.11953,18,21.3256,,,,,,
178,253.11953,18,21.3248,,,,,,
178.1,253.11953,18,21.3253,,,,,,
178.2,251.39097,18,21.3235,,,,,,
178.3,251.39097,18,21.3243,,,,,,
178.4,251.39097,18,21.324,,,,,,
178.5,251.39097,18,21.3235,,,,,,
178.6,251.39097,18,21.3235,,,,,,
178.7,251.39097,18,21.3245,,,,,,
178.8,249.65632,18,21.3239,,,,,,
178.9,249.65632,18,21.3254,,,,,,
179,249.65632,18,21.3248,,,,,,
179.1,249.65632,18,21.3239,,,,,,
179.2,249.65632,18,21.3243,,,,,,
179.3,249.65632,18,21.3253,,,,,,
179.4,247.95359,18,21.3235,,,,,,
179.5,247.95359,18,21.3243,,,,,,
179.6,247.95359,18,21.3232,,,,,,
179.7,247.95359,18,21.3248,,,,,,
179.8,247.95359,18,21.324,,,,,,
179.9,247.95359,18,21.3234,,,,,,
180,246.32044,18,21.3237,,,,,,
180.1,246.32044,18,21.3234,,,,,,
180.2,246.32044,18,21.324,,,,,,
180.3,246.32044,18,21.3246,,,,,,
180.4,246.32044,18,21.322,,,,,,
180.5,246.32044,18,21.322,,,,,,
180.6,244.72855,18,21.322,,,,,,
180.7,244.72855,18,21.3228,,,,,,
180.8,244.72855,18,21.3237,,,,,,
180.9,244.72855,18,21.3239,,,,,,
181,244.72855,18,21.3242,,,,,,
181.1,244.72855,18,21.3242,,,,,,
181.2,243.14104,18,21.3246,,,,,,
181.3,243.14104,18,21.3245,,,,,,
181.4,243.14104,18,21.3245,,,,,,
181.5,243.14104,18,21.3226,,,,,,
181.6,243.14104,18,21.3228,,,,,,
181.7,243.14104,18,21.324,,,,,,
181.8,241.62388,18,21.3226,,,,,,
181.9,241.62388,18,21.3237,,,,,,
182,241.62388,18,21.3231,,,,,,
182.1,241.62388,18,21.3239,,,,,,
182.2,241.62388,18,21.3262,,,,,,
182.3,241.62388,18,21.3245,,,,,,
182.4,240.14211,18,21.3267,,,,,,
182.5,240.14211,18,21.3265,,,,,,
182.6,240.14211,18,21.3248,,,,,,
182.7,240.14211,18,21.3261,,,,,,
182.8,240.14211,18,21.3257,,,,,,
182.9,240.14211,18,21.3243,,,,,,
183,238.67911,18,21.3237,,,,,,
183.1,238.67911,18,21.3243,,,,,,
183.2,238.67911,18,21.3242,,,,,,
183.3,238.67911,18,21.324,,,,,,
183.4,238.67911,18,21.3245,,,,,,
183.5,238.67911,18,21.3218,,,,,,
183.6,237.1785,18,21.3231,,,,,,
183.7,237.1785,18,21.3242,,,,,,
183.8,237.1785,18,21.3235,,,,,,
183.9,237.1785,18,21.3265,,,,,,
184,237.1785,18,21.3253,,,,,,
184.1,237.1785,18,21.3256,,,,,,
184.2,235.72551,18,21.3261,,,,,,
184.3,235.72551,18,21.3272,,,,,,
184.4,235.72551,18,21.3276,,,,,,
184.5,235.72551,18,21.3261,,,,,,
184.6,235.72551,18,21.3257,,,,,,
184.7,235.72551,18,21.3256,,,,,,
184.8,234.22792,18,21.3237,,,,,,
184.9,234.22792,18,21.3237,,,,,,
185,234.22792,18,21.324,,,,,,
185.1,234.22792,18,21.3216,,,,,,
185.2,234.22792,18,21.322,,,,,,
185.3,234.22792,18,21.3216,,,,,,
185.4,232.78777,18,21.322,,,,,,
185.5,232.78777,18,21.3204,,,,,,
185.6,232.78777,18,21.322,,,,,,
185.7,232.78777,18,21.322,,,,,,
185.8,232.78777,18,21.3226,,,,,,
185.9,232.78777,18,21.3226,,,,,,
186,231.31137,18,21.324,,,,,,
186.1,231.31137,18,21.3226,,,,,,
186.2,231.31137,18,21.3235,,,,,,
186.3,231.31137,18,21.3226,,,,,,
186.4,231.31137,18,21.3232,,,,,,
186.5,231.31137,18,21.3223,,,,,,
186.6,229.92763,18,21.3218,,,,,,
186.7,229.92763,18,21.3232,,,,,,
186.8,229.92763,18,21.3229,,,,,,
186.9,229.92763,18,21.3232,,,,,,
187,229.92763,18,21.3229,,,,,,
187.1,229.92763,18,21.3198,,,,,,
187.2,228.59156,18,21.3198,,,,,,
187.3,228.59156,18,21.3193,,,,,,
187.4,228.59156,18,21.3202,,,,,,
187.5,228.59156,18,21.3179,,,,,,
187.6,228.59156,18,21.3187,,,,,,
187.7,228.59156,18,21.3188,,,,,,
187.8,227.23683,18,21.3179,,,,,,
187.9,227.23683,18,21.3187,,,,,,
188,227.23683,18,21.3194,,,,,,
188.1,227.23683,18,21.3179,,,,,,
188.2,227.23683,18,21.3187,,,,,,
188.3,227.23683,18,21.3194,,,,,,
188.4,225.90826,18,21.3196,,,,,,
188.5,225.90826,18,21.3194,,,,,,
188.6,225.90826,18,21.3209,,,,,,
188.7,225.90826,18,21.3196,,,,,,
188.8,225.90826,18,21.321,,,,,,
188.9,225.90826,18,21.3209,,,,,,
189,224.57124,18,21.3213,,,,,,
189.1,224.57124,18,21.3205,,,,,,
189.2,224.57124,18,21.3196,,,,,,
189.3,224.57124,18,21.3201,,,,,,
189.4,224.57124,18,21.3202,,,,,,
189.5,224.57124,18,21.321,,,,,,
189.6,223.29639,18,21.3205,,,,,,
189.7,223.29639,18,21.3193,,,,,,
189.8,223.29639,18,21.3196,,,,,,
189.9,223.29639,18,21.3202,,,,,,
190,223.29639,18,21.3204,,,,,,
190.1,223.29639,18,21.3212,,,,,,
190.2,222.02685,18,21.3194,,,,,,
190.3,222.02685,18,21.3166,,,,,,
190.4,222.02685,18,21.3152,,,,,,
190.5,222.02685,18,21.3141,,,,,,
190.6,222.02685,18,21.3121,,,,,,
190.7,222.02685,18,21.3136,,,,,,
190.8,220.78324,18,21.3139,,,,,,
190.9,220.78324,18,21.3132,,,,,,
191,220.78324,18,21.3125,,,,,,
191.1,220.78324,18,21.3114,,,,,,
191.2,220.78324,18,21.3119,,,,,,
191.3,220.78324,18,21.3127,,,,,,
191.4,219.51558,18,21.313,,,,,,
191.5,219.51558,18,21.3141,,,,,,
191.6,219.51558,18,21.315,,,,,,
191.7,219.51558,18,21.3147,,,,,,
191.8,219.51558,18,21.3168,,,,,,
191.9,219.51558,18,21.3176,,,,,,
192,218.29679,18,21.3169,,,,,,
192.1,218.29679,18,21.319,,,,,,
192.2,218.29679,18,21.3207,,,,,,
192.3,218.29679,18,21.3209,,,,,,
192.4,218.29679,18,21.3216,,,,,,
192.5,218.29679,18,21.3231,,,,,,
192.6,217.10381,18,21.3231,,,,,,
192.7,217.10381,18,21.3224,,,,,,
192.8,217.10381,18,21.3232,,,,,,
192.9,217.10381,18,21.3237,,,,,,
193,217.10381,18,21.324,,,,,,
193.1,217.10381,18,21.3228,,,,,,
193.2,215.97831,18,21.324,,,,,,
193.3,215.97831,18,21.3228,,,,,,
193.4,215.97831,18,21.3204,,,,,,
193.5,215.97831,18,21.3199,,,,,,
193.6,215.97831,18,21.3194,,,,,,
193.7,215.97831,18,21.319,,,,,,
193.8,214.81382,18,21.3205,,,,,,
193.9,214.81382,18,21.3191,,,,,,
194,214.81382,18,21.3196,,,,,,
194.1,214.81382,18,21.3193,,,,,,
194.2,214.81382,18,21.3171,,,,,,
194.3,214.81382,18,21.3179,,,,,,
194.4,213.72052,18,21.3165,,,,,,
194.5,213.72052,18,21.3157,,,,,,
194.6,213.72052,18,21.3141,,,,,,
194.7,213.72052,18,21.3135,,,,,,
194.8,213.72052,18,21.311,,,,,,
194.9,213.72052,18,21.3061,,,,,,
195,212.63352,18,21.307,,,,,,
195.1,212.63352,18,21.3047,,,,,,
195.2,212.63352,18,21.3047,,,,,,
195.3,212.63352,18,21.3044,,,,,,
195.4,212.63352,18,21.3053,,,,,,
195.5,212.63352,18,21.3075,,,,,,
195.6,211.52559,18,21.3072,,,,,,
195.7,211.52559,18,21.3077,,,,,,
195.8,211.52559,18,21.3072,,,,,,
195.9,211.52559,18,21.3077,,,,,,
196,211.52559,18,21.3067,,,,,,
196.1,211.52559,18,21.3056,,,,,,
196.2,210.45394,18,21.3056,,,,,,
196.3,210.45394,18,21.3037,,,,,,
196.4,210.45394,18,21.3017,,,,,,
196.5,210.45394,18,21.3009,,,,,,
196.6,210.45394,18,21.2996,,,,,,
196.7,210.45394,18,21.3006,,,,,,
196.8,209.38569,18,21.2992,,,,,,
196.9,209.38569,18,21.2988,,,,,,
197,209.38569,18,21.2982,,,,,,
197.1,209.38569,18,21.2974,,,,,,
197.2,209.38569,18,21.2957,,,,,,
197.3,209.38569,18,21.2949,,,,,,
197.4,208.36381,18,21.2937,,,,,,
197.5,208.36381,18,21.2938,,,,,,
197.6,208.36381,18,21.2932,,,,,,
197.7,208.36381,18,21.2916,,,,,,
197.8,208.36381,18,21.2915,,,,,,
197.9,208.36381,18,21.2911,,,,,,
198,207.34291,18,21.2919,,,,,,
198.1,207.34291,18,21.2921,,,,,,
198.2,207.34291,18,21.2918,,,,,,
198.3,207.34291,18,21.2922,,,,,,
198.4,207.34291,18,21.2932,,,,,,
198.5,207.34291,18,21.2929,,,,,,
198.6,206.31715,18,21.2938,,,,,,
198.7,206.31715,18,21.2952,,,,,,
198.8,206.31715,18,21.294,,,,,,
198.9,206.31715,18,21.2952,,,,,,
199,206.31715,18,21.2951,,,,,,
199.1,206.31715,18,21.2963,,,,,,
199.2,205.39,18,21.299,,,,,,
199.3,205.39,18,21.2999,,,,,,
199.4,205.39,18,21.301,,,,,,
199.5,205.39,18,21.3023,,,,,,
199.6,205.39,18,21.3034,,,,,,
199.7,205.39,18,21.3055,,,,,,
199.8,204.41704,18,21.3042,,,,,,
199.9,204.41704,18,21.307,,,,,,
200,204.41704,18,21.3084,,,,,,
200.1,204.41704,18,21.3091,,,,,,
200.2,204.41704,18,21.3089,,,,,,
200.3,204.41704,18,21.3086,,,,,,
200.4,203.46797,18,21.3078,,,,,,
200.5,203.46797,18,21.3066,,,,,,
200.6,203.46797,18,21.3053,,,,,,
200.7,203.46797,18,21.3064,,,,,,
200.8,203.46797,18,21.3055,,,,,,
200.9,203.46797,18,21.3067,,,,,,
201,202.53116,18,21.3064,,,,,,
201.1,202.53116,18,21.3084,,,,,,
201.2,202.53116,18,21.31,,,,,,
201.3,202.53116,18,21.3128,,,,,,
201.4,202.53116,18,21.3127,,,,,,
201.5,202.53116,18,21.3161,,,,,,
201.6,201.62289,18,21.3176,,,,,,
201.7,201.62289,18,21.3188,,,,,,
201.8,201.62289,18,21.3212,,,,,,
201.9,201.62289,18,21.3235,,,,,,
202,201.62289,18,21.3246,,,,,,
202.1,201.62289,18,21.3256,,,,,,
202.2,200.71081,18,21.3253,,,,,,
202.3,200.71081,18,21.3256,,,,,,
202.4,200.71081,18,21.3279,,,,,,
202.5,200.71081,18,21.3262,,,,,,
202.6,200.71081,18,21.3268,,,,,,
202.7,200.71081,18,21.3246,,,,,,
202.8,199.82848,18,21.3235,,,,,,
202.9,199.82848,18,21.3218,,,,,,
203,199.82848,18,21.3228,,,,,,
203.1,199.82848,18,21.3212,,,,,,
203.2,199.82848,18,21.3209,,,,,,
203.3,199.82848,18,21.3215,,,,,,
203.4,198.94325,18,21.3223,,,,,,
203.5,198.94325,18,21.3221,,,,,,
203.6,198.94325,18,21.3237,,,,,,
203.7,198.94325,18,21.3246,,,,,,
203.8,198.94325,18,21.3232,,,,,,
203.9,198.94325,18,21.324,,,,,,
204,198.10294,18,21.3221,,,,,,
204.1,198.10294,18,21.3224,,,,,,
204.2,198.10294,18,21.3229,,,,,,
204.3,198.10294,18,21.3204,,,,,,
204.4,198.10294,18,21.3188,,,,,,
204.5,198.10294,18,21.3196,,,,,,
204.6,197.2842,18,21.3201,,,,,,
204.7,197.2842,18,21.3198,,,,,,
204.8,197.2842,18,21.3188,,,,,,
204.9,197.2842,18,21.3187,,,,,,
205,197.2842,18,21.319,,,,,,
205.1,197.2842,18,21.3183,,,,,,
205.2,196.4076,18,21.3187,,,,,,
205.3,196.4076,18,21.3163,,,,,,
205.4,196.4076,18,21.3166,,,,,,
205.5,196.4076,18,21.315,,,,,,
205.6,196.4076,18,21.3152,,,,,,
205.7,196.4076,18,21.3146,,,,,,
205.8,195.54946,18,21.3139,,,,,,
205.9,195.54946,18,21.3139,,,,,,
,,,,,,,,,
,,,,,,,,,
,,,,,,,,,
,,,,,,,,,
,,,,,,,,,
,,,,,,,,,
,,,,,,,,,
,,,,,,,,,
,,,,,,,,,
,,,,,,,,,
,,,,,,,,,
,,,,,,,,,
,,,,,,,,,
,,,,,,,,,
,,,,,,,,,
,,,,,,,,,
,,,,,,,,,
,,,,,,,,,
,,,,,,,,,
,,,,,,,,,
,,,,,,,,,
,,,,,,,,,
,,,,,,,,,
,,,,,,,,,
,,,,,,,,,
,,,,,,,,,
,,,,,,,,,
,,,,,,,,,
,,,,,,,,,
,,,,,,,,,
,,,,,,,,,
,,,,,,,,,
,,,,,,,,,
,,,,,,,,,
,,,,,,,,,
,,,,,,,,,
,,,,,,,,,
,,,,,,,,,
,,,,,,,,,
,,,,,,,,,
,,,,,,,,,
,,,,,,,,,
,,,,,,,,,
,,,,,,,,,
,,,,,,,,,
,,,,,,,,,
,,,,,,,,,
,,,,,,,,,
,,,,,,,,,
,,,,,,,,,
,,,,,,,,,
,,,,,,,,,
,,,,,,,,,
,,,,,,,,,
,,,,,,,,,
,,,,,,,,,
,,,,,,,,,
,,,,,,,,,
,,,,,,,,,
,,,,,,,,,
,,,,,,,,,
,,,,,,,,,
,,,,,,,,,
,,,,,,,,,
,,,,,,,,,
,,,,,,,,,
,,,,,,,,,
,,,,,,,,,
,,,,,,,,,
,,,,,,,,,
,,,,,,,,,
,,,,,,,,,
,,,,,,,,,
,,,,,,,,,
,,,,,,,,,
,,,,,,,,,
,,,,,,,,,
,,,,,,,,,
,,,,,,,,,
,,,,,,,,,
,,,,,,,,,
,,,,,,,,,
,,,,,,,,,
,,,,,,,,,
,,,,,,,,,
,,,,,,,,,
,,,,,,,,,
,,,,,,,,,
,,,,,,,,,
,,,,,,,,,
,,,,,,,,,
,,,,,,,,,
,,,,,,,,,
,,,,,,,,,
,,,,,,,,,
,,,,,,,,,
,,,,,,,,,
,,,,,,,,,
,,,,,,,,,
,,,,,,,,,
,,,,,,,,,
,,,,,,,,,
,,,,,,,,,
,,,,,,,,,
,,,,,,,,,
,,,,,,,,,
,,,,,,,,,
,,,,,,,,,
,,,,,,,,,
,,,,,,,,,
,,,,,,,,,
,,,,,,,,,
,,,,,,,,,
,,,,,,,,,
,,,,,,,,,
,,,,,,,,,
,,,,,,,,,
,,,,,,,,,
,,,,,,,,,
,,,,,,,,,
,,,,,,,,,
,,,,,,,,,
,,,,,,,,,
,,,,,,,,,
,,,,,,,,,
,,,,,,,,,
,,,,,,,,,
,,,,,,,,,
,,,,,,,,,
,,,,,,,,,
,,,,,,,,,
,,,,,,,,,
,,,,,,,,,
,,,,,,,,,
,,,,,,,,,
,,,,,,,,,
,,,,,,,,,
,,,,,,,,,
,,,,,,,,,
,,,,,,,,,
,,,,,,,,,
,,,,,,,,,
,,,,,,,,,
,,,,,,,,,
,,,,,,,,,
,,,,,,,,,
,,,,,,,,,
,,,,,,,,,
,,,,,,,,,
,,,,,,,,,
,,,,,,,,,
,,,,,,,,,
,,,,,,,,,
,,,,,,,,,
,,,,,,,,,
,,,,,,,,,
,,,,,,,,,
,,,,,,,,,
,,,,,,,,,
,,,,,,,,,
,,,,,,,,,
,,,,,,,,,
,,,,,,,,,
,,,,,,,,,
,,,,,,,,,
,,,,,,,,,
,,,,,,,,,
,,,,,,,,,
,,,,,,,,,
,,,,,,,,,
,,,,,,,,,
,,,,,,,,,
,,,,,,,,,
,,,,,,,,,
,,,,,,,,,
,,,,,,,,,
,,,,,,,,,
,,,,,,,,,
,,,,,,,,,
,,,,,,,,,
,,,,,,,,,
,,,,,,,,,
,,,,,,,,,
,,,,,,,,,
,,,,,,,,,
,,,,,,,,,
,,,,,,,,,
,,,,,,,,,
,,,,,,,,,
,,,,,,,,,
,,,,,,,,,
,,,,,,,,,
,,,,,,,,,
,,,,,,,,,
,,,,,,,,,
,,,,,,,,,
,,,,,,,,,
,,,,,,,,,
,,,,,,,,,
,,,,,,,,,
,,,,,,,,,
,,,,,,,,,
,,,,,,,,,
,,,,,,,,,
,,,,,,,,,
,,,,,,,,,
,,,,,,,,,
,,,,,,,,,
,,,,,,,,,
,,,,,,,,,
,,,,,,,,,
,,,,,,,,,
,,,,,,,,,
,,,,,,,,,
,,,,,,,,,
,,,,,,,,,
,,,,,,,,,
,,,,,,,,,
,,,,,,,,,
,,,,,,,,,
,,,,,,,,,
,,,,,,,,,
,,,,,,,,,
,,,,,,,,,
,,,,,,,,,
,,,,,,,,,
,,,,,,,,,
,,,,,,,,,
,,,,,,,,,
,,,,,,,,,
,,,,,,,,,
,,,,,,,,,
,,,,,,,,,
,,,,,,,,,
,,,,,,,,,
,,,,,,,,,
,,,,,,,,,
,,,,,,,,,
,,,,,,,,,
,,,,,,,,,
,,,,,,,,,
,,,,,,,,,
,,,,,,,,,
,,,,,,,,,
,,,,,,,,,
,,,,,,,,,
,,,,,,,,,
,,,,,,,,,
,,,,,,,,,
,,,,,,,,,
,,,,,,,,,
,,,,,,,,,
,,,,,,,,,
,,,,,,,,,
,,,,,,,,,
,,,,,,,,,
,,,,,,,,,
,,,,,,,,,
,,,,,,,,,
,,,,,,,,,
,,,,,,,,,
,,,,,,,,,
,,,,,,,,,
,,,,,,,,,
,,,,,,,,,
,,,,,,,,,
,,,,,,,,,
,,,,,,,,,
,,,,,,,,,
,,,,,,,,,
,,,,,,,,,
,,,,,,,,,
,,,,,,,,,
,,,,,,,,,
,,,,,,,,,
,,,,,,,,,
,,,,,,,,,
,,,,,,,,,
,,,,,,,,,
,,,,,,,,,
,,,,,,,,,
,,,,,,,,,
,,,,,,,,,
,,,,,,,,,
,,,,,,,,,
,,,,,,,,,
,,,,,,,,,
,,,,,,,,,
,,,,,,,,,
,,,,,,,,,
,,,,,,,,,
,,,,,,,,,
,,,,,,,,,
,,,,,,,,,
,,,,,,,,,
,,,,,,,,,
,,,,,,,,,
,,,,,,,,,
,,,,,,,,,
,,,,,,,,,
,,,,,,,,,
,,,,,,,,,
,,,,,,,,,
,,,,,,,,,
,,,,,,,,,
,,,,,,,,,
,,,,,,,,,
,,,,,,,,,
,,,,,,,,,
,,,,,,,,,
,,,,,,,,,
,,,,,,,,,
,,,,,,,,,
,,,,,,,,,
,,,,,,,,,
,,,,,,,,,
,,,,,,,,,
,,,,,,,,,
,,,,,,,,,
,,,,,,,,,
,,,,,,,,,
,,,,,,,,,
,,,,,,,,,
,,,,,,,,,
,,,,,,,,,
,,,,,,,,,
,,,,,,,,,
,,,,,,,,,
,,,,,,,,,
,,,,,,,,,
,,,,,,,,,
,,,,,,,,,
,,,,,,,,,
,,,,,,,,,
,,,,,,,,,
,,,,,,,,,
,,,,,,,,,
,,,,,,,,,
,,,,,,,,,
,,,,,,,,,
,,,,,,,,,
,,,,,,,,,
,,,,,,,,,
,,,,,,,,,
,,,,,,,,,
,,,,,,,,,
,,,,,,,,,
,,,,,,,,,
,,,,,,,,,
,,,,,,,,,
,,,,,,,,,
,,,,,,,,,
,,,,,,,,,
,,,,,,,,,
,,,,,,,,,
,,,,,,,,,
,,,,,,,,,
,,,,,,,,,
,,,,,,,,,
,,,,,,,,,
,,,,,,,,,
,,,,,,,,,
,,,,,,,,,
,,,,,,,,,
,,,,,,,,,
,,,,,,,,,
,,,,,,,,,
,,,,,,,,,
,,,,,,,,,
,,,,,,,,,
,,,,,,,,,
,,,,,,,,,
,,,,,,,,,
,,,,,,,,,
,,,,,,,,,
,,,,,,,,,
,,,,,,,,,
,,,,,,,,,
,,,,,,,,,
,,,,,,,,,
,,,,,,,,,
,,,,,,,,,
,,,,,,,,,
,,,,,,,,,
,,,,,,,,,
,,,,,,,,,
,,,,,,,,,
,,,,,,,,,
,,,,,,,,,
,,,,,,,,,
,,,,,,,,,
,,,,,,,,,
,,,,,,,,,
,,,,,,,,,
,,,,,,,,,
,,,,,,,,,
,,,,,,,,,
,,,,,,,,,
,,,,,,,,,
,,,,,,,,,
,,,,,,,,,
,,,,,,,,,
,,,,,,,,,
,,,,,,,,,
,,,,,,,,,
,,,,,,,,,
,,,,,,,,,
,,,,,,,,,
,,,,,,,,,
,,,,,,,,,
,,,,,,,,,
,,,,,,,,,
,,,,,,,,,
,,,,,,,,,
,,,,,,,,,
,,,,,,,,,
,,,,,,,,,
,,,,,,,,,
,,,,,,,,,
,,,,,,,,,
,,,,,,,,,
,,,,,,,,,
,,,,,,,,,
,,,,,,,,,
,,,,,,,,,
,,,,,,,,,
,,,,,,,,,
,,,,,,,,,
,,,,,,,,,
,,,,,,,,,
,,,,,,,,,
,,,,,,,,,
,,,,,,,,,
,,,,,,,,,
,,,,,,,,,
,,,,,,,,,
,,,,,,,,,
,,,,,,,,,
,,,,,,,,,
,,,,,,,,,
,,,,,,,,,
,,,,,,,,,
,,,,,,,,,
,,,,,,,,,
,,,,,,,,,
,,,,,,,,,
,,,,,,,,,
,,,,,,,,,
,,,,,,,,,
,,,,,,,,,
,,,,,,,,,
,,,,,,,,,
,,,,,,,,,
,,,,,,,,,
,,,,,,,,,
,,,,,,,,,
,,,,,,,,,
,,,,,,,,,
,,,,,,,,,
,,,,,,,,,
,,,,,,,,,
,,,,,,,,,
,,,,,,,,,
,,,,,,,,,
,,,,,,,,,
,,,,,,,,,
,,,,,,,,,
,,,,,,,,,
,,,,,,,,,
,,,,,,,,,
,,,,,,,,,
,,,,,,,,,
,,,,,,,,,
,,,,,,,,,
,,,,,,,,,
,,,,,,,,,
,,,,,,,,,
,,,,,,,,,
,,,,,,,,,
,,,,,,,,,
,,,,,,,,,
,,,,,,,,,
,,,,,,,,,
,,,,,,,,,
,,,,,,,,,
,,,,,,,,,
,,,,,,,,,
,,,,,,,,,
,,,,,,,,,
,,,,,,,,,
,,,,,,,,,
,,,,,,,,,
,,,,,,,,,
,,,,,,,,,
,,,,,,,,,
,,,,,,,,,
,,,,,,,,,
,,,,,,,,,
,,,,,,,,,
,,,,,,,,,
,,,,,,,,,
,,,,,,,,,
,,,,,,,,,
,,,,,,,,,
,,,,,,,,,
,,,,,,,,,
,,,,,,,,,
,,,,,,,,,
,,,,,,,,,
,,,,,,,,,
,,,,,,,,,
,,,,,,,,,
,,,,,,,,,
,,,,,,,,,
,,,,,,,,,
,,,,,,,,,
,,,,,,,,,
,,,,,,,,,
,,,,,,,,,
,,,,,,,,,
,,,,,,,,,
,,,,,,,,,
,,,,,,,,,
,,,,,,,,,
,,,,,,,,,
,,,,,,,,,
,,,,,,,,,
,,,,,,,,,
,,,,,,,,,
,,,,,,,,,
,,,,,,,,,
,,,,,,,,,
,,,,,,,,,
,,,,,,,,,
,,,,,,,,,
,,,,,,,,,
,,,,,,,,,
,,,,,,,,,
,,,,,,,,,
,,,,,,,,,
,,,,,,,,,
,,,,,,,,,
,,,,,,,,,
,,,,,,,,,
,,,,,,,,,
,,,,,,,,,
,,,,,,,,,
,,,,,,,,,
,,,,,,,,,
,,,,,,,,,
,,,,,,,,,
,,,,,,,,,
,,,,,,,,,
,,,,,,,,,
,,,,,,,,,
,,,,,,,,,
,,,,,,,,,
,,,,,,,,,
,,,,,,,,,
,,,,,,,,,
,,,,,,,,,
,,,,,,,,,
,,,,,,,,,
,,,,,,,,,
,,,,,,,,,
,,,,,,,,,
,,,,,,,,,
,,,,,,,,,
,,,,,,,,,
,,,,,,,,,
,,,,,,,,,
,,,,,,,,,
,,,,,,,,,
,,,,,,,,,
,,,,,,,,,
,,,,,,,,,
,,,,,,,,,
,,,,,,,,,
,,,,,,,,,
,,,,,,,,,
,,,,,,,,,
,,,,,,,,,
,,,,,,,,,
,,,,,,,,,
,,,,,,,,,
,,,,,,,,,
,,,,,,,,,
,,,,,,,,,
,,,,,,,,,
,,,,,,,,,
,,,,,,,,,
,,,,,,,,,
,,,,,,,,,
,,,,,,,,,
,,,,,,,,,
,,,,,,,,,
,,,,,,,,,
,,,,,,,,,
,,,,,,,,,
,,,,,,,,,
,,,,,,,,,
,,,,,,,,,
,,,,,,,,,
,,,,,,,,,
,,,,,,,,,
,,,,,,,,,
,,,,,,,,,
,,,,,,,,,
,,,,,,,,,
,,,,,,,,,
,,,,,,,,,
,,,,,,,,,
,,,,,,,,,
,,,,,,,,,
,,,,,,,,,
,,,,,,,,,
,,,,,,,,,
,,,,,,,,,
,,,,,,,,,
,,,,,,,,,
,,,,,,,,,
,,,,,,,,,
,,,,,,,,,
,,,,,,,,,
,,,,,,,,,
,,,,,,,,,
,,,,,,,,,
,,,,,,,,,
,,,,,,,,,
,,,,,,,,,
,,,,,,,,,
,,,,,,,,,
,,,,,,,,,
,,,,,,,,,
,,,,,,,,,
,,,,,,,,,
,,,,,,,,,
,,,,,,,,,
,,,,,,,,,
,,,,,,,,,
,,,,,,,,,
,,,,,,,,,
,,,,,,,,,
,,,,,,,,,
,,,,,,,,,
,,,,,,,,,
,,,,,,,,,
,,,,,,,,,
,,,,,,,,,
,,,,,,,,,
,,,,,,,,,
,,,,,,,,,
,,,,,,,,,
,,,,,,,,,
,,,,,,,,,
,,,,,,,,,
,,,,,,,,,
,,,,,,,,,
,,,,,,,,,
,,,,,,,,,
,,,,,,,,,
,,,,,,,,,
,,,,,,,,,
,,,,,,,,,
,,,,,,,,,
,,,,,,,,,
,,,,,,,,,
,,,,,,,,,
,,,,,,,,,
,,,,,,,,,
,,,,,,,,,
,,,,,,,,,
,,,,,,,,,
,,,,,,,,,
,,,,,,,,,
,,,,,,,,,
,,,,,,,,,
,,,,,,,,,
,,,,,,,,,
,,,,,,,,,
,,,,,,,,,
,,,,,,,,,
,,,,,,,,,
,,,,,,,,,
,,,,,,,,,
,,,,,,,,,
,,,,,,,,,
,,,,,,,,,
,,,,,,,,,
,,,,,,,,,
,,,,,,,,,
,,,,,,,,,
,,,,,,,,,
,,,,,,,,,
,,,,,,,,,
,,,,,,,,,
,,,,,,,,,
,,,,,,,,,
,,,,,,,,,
,,,,,,,,,
,,,,,,,,,
,,,,,,,,,
,,,,,,,,,
,,,,,,,,,
,,,,,,,,,
,,,,,,,,,
,,,,,,,,,
,,,,,,,,,
,,,,,,,,,
,,,,,,,,,
,,,,,,,,,
,,,,,,,,,
,,,,,,,,,
,,,,,,,,,
,,,,,,,,,
,,,,,,,,,
,,,,,,,,,
,,,,,,,,,
,,,,,,,,,
,,,,,,,,,
,,,,,,,,,
,,,,,,,,,
,,,,,,,,,
,,,,,,,,,
,,,,,,,,,
,,,,,,,,,
,,,,,,,,,
,,,,,,,,,
,,,,,,,,,
,,,,,,,,,
,,,,,,,,,
,,,,,,,,,
,,,,,,,,,
,,,,,,,,,
,,,,,,,,,
,,,,,,,,,
,,,,,,,,,
,,,,,,,,,
,,,,,,,,,
,,,,,,,,,
,,,,,,,,,
,,,,,,,,,
,,,,,,,,,
,,,,,,,,,
,,,,,,,,,
,,,,,,,,,
,,,,,,,,,
,,,,,,,,,
,,,,,,,,,
,,,,,,,,,
,,,,,,,,,
,,,,,,,,,
,,,,,,,,,
,,,,,,,,,
,,,,,,,,,
,,,,,,,,,
,,,,,,,,,
,,,,,,,,,
,,,,,,,,,
,,,,,,,,,
,,,,,,,,,
,,,,,,,,,
,,,,,,,,,
,,,,,,,,,
,,,,,,,,,
,,,,,,,,,
,,,,,,,,,
,,,,,,,,,
,,,,,,,,,
,,,,,,,,,
,,,,,,,,,
,,,,,,,,,
,,,,,,,,,
,,,,,,,,,
,,,,,,,,,
,,,,,,,,,
,,,,,,,,,
,,,,,,,,,
,,,,,,,,,
,,,,,,,,,
,,,,,,,,,
,,,,,,,,,
,,,,,,,,,
,,,,,,,,,
,,,,,,,,,
,,,,,,,,,
,,,,,,,,,
,,,,,,,,,
,,,,,,,,,
,,,,,,,,,
,,,,,,,,,
,,,,,,,,,
,,,,,,,,,
,,,,,,,,,
,,,,,,,,,
,,,,,,,,,
,,,,,,,,,
,,,,,,,,,
,,,,,,,,,
,,,,,,,,,
,,,,,,,,,
,,,,,,,,,
,,,,,,,,,
,,,,,,,,,
,,,,,,,,,
,,,,,,,,,
,,,,,,,,,
,,,,,,,,,
,,,,,,,,,
,,,,,,,,,
,,,,,,,,,
,,,,,,,,,
,,,,,,,,,
,,,,,,,,,
,,,,,,,,,
,,,,,,,,,
,,,,,,,,,
,,,,,,,,,
,,,,,,,,,
,,,,,,,,,
,,,,,,,,,
,,,,,,,,,
,,,,,,,,,
,,,,,,,,,
,,,,,,,,,
,,,,,,,,,
,,,,,,,,,
,,,,,,,,,
,,,,,,,,,
,,,,,,,,,
,,,,,,,,,
,,,,,,,,,
,,,,,,,,,
,,,,,,,,,
,,,,,,,,,
,,,,,,,,,
,,,,,,,,,
,,,,,,,,,
,,,,,,,,,
,,,,,,,,,
,,,,,,,,,
,,,,,,,,,
,,,,,,,,,
,,,,,,,,,
,,,,,,,,,
,,,,,,,,,
,,,,,,,,,
,,,,,,,,,
,,,,,,,,,
,,,,,,,,,
,,,,,,,,,
,,,,,,,,,
,,,,,,,,,
,,,,,,,,,
,,,,,,,,,
,,,,,,,,,
,,,,,,,,,
,,,,,,,,,
,,,,,,,,,
,,,,,,,,,
,,,,,,,,,
,,,,,,,,,
,,,,,,,,,
,,,,,,,,,
,,,,,,,,,
,,,,,,,,,
,,,,,,,,,
,,,,,,,,,
,,,,,,,,,
,,,,,,,,,
,,,,,,,,,
,,,,,,,,,
,,,,,,,,,
,,,,,,,,,
,,,,,,,,,
,,,,,,,,,
,,,,,,,,,
,,,,,,,,,
,,,,,,,,,
,,,,,,,,,
,,,,,,,,,
,,,,,,,,,
,,,,,,,,,
,,,,,,,,,
,,,,,,,,,
,,,,,,,,,
,,,,,,,,,
,,,,,,,,,
,,,,,,,,,
,,,,,,,,,
,,,,,,,,,
,,,,,,,,,
,,,,,,,,,
,,,,,,,,,
,,,,,,,,,
,,,,,,,,,
,,,,,,,,,
,,,,,,,,,
,,,,,,,,,
,,,,,,,,,
,,,,,,,,,
,,,,,,,,,
,,,,,,,,,
,,,,,,,,,
,,,,,,,,,
,,,,,,,,,
,,,,,,,,,
,,,,,,,,,
,,,,,,,,,
,,,,,,,,,
,,,,,,,,,
,,,,,,,,,
,,,,,,,,,
,,,,,,,,,
,,,,,,,,,
,,,,,,,,,
,,,,,,,,,
,,,,,,,,,
,,,,,,,,,
,,,,,,,,,
,,,,,,,,,
,,,,,,,,,
,,,,,,,,,
,,,,,,,,,
,,,,,,,,,
,,,,,,,,,
,,,,,,,,,
,,,,,,,,,
,,,,,,,,,
,,,,,,,,,
,,,,,,,,,
,,,,,,,,,
,,,,,,,,,
,,,,,,,,,
,,,,,,,,,
,,,,,,,,,
,,,,,,,,,
,,,,,,,,,
,,,,,,,,,
,,,,,,,,,
,,,,,,,,,
,,,,,,,,,
,,,,,,,,,
,,,,,,,,,
,,,,,,,,,
,,,,,,,,,
,,,,,,,,,
,,,,,,,,,
,,,,,,,,,
,,,,,,,,,
,,,,,,,,,
,,,,,,,,,
,,,,,,,,,
,,,,,,,,,
,,,,,,,,,
,,,,,,,,,
,,,,,,,,,
,,,,,,,,,
,,,,,,,,,
,,,,,,,,,
,,,,,,,,,
,,,,,,,,,
,,,,,,,,,
,,,,,,,,,
,,,,,,,,,
,,,,,,,,,
,,,,,,,,,
,,,,,,,,,
,,,,,,,,,
,,,,,,,,,
,,,,,,,,,
,,,,,,,,,
,,,,,,,,,
,,,,,,,,,
,,,,,,,,,
,,,,,,,,,
,,,,,,,,,
,,,,,,,,,
,,,,,,,,,
,,,,,,,,,
,,,,,,,,,
,,,,,,,,,
,,,,,,,,,
,,,,,,,,,
,,,,,,,,,
,,,,,,,,,
,,,,,,,,,
,,,,,,,,,
,,,,,,,,,
,,,,,,,,,
,,,,,,,,,
,,,,,,,,,
,,,,,,,,,
,,,,,,,,,
,,,,,,,,,
,,,,,,,,,
,,,,,,,,,
,,,,,,,,,
,,,,,,,,,
,,,,,,,,,
,,,,,,,,,
,,,,,,,,,
,,,,,,,,,
,,,,,,,,,
,,,,,,,,,
,,,,,,,,,
,,,,,,,,,
,,,,,,,,,
,,,,,,,,,
,,,,,,,,,
,,,,,,,,,
,,,,,,,,,
,,,,,,,,,
,,,,,,,,,
,,,,,,,,,
,,,,,,,,,
,,,,,,,,,
,,,,,,,,,
,,,,,,,,,
,,,,,,,,,
,,,,,,,,,
,,,,,,,,,
,,,,,,,,,
,,,,,,,,,
,,,,,,,,,
,,,,,,,,,
,,,,,,,,,
,,,,,,,,,
,,,,,,,,,
,,,,,,,,,
,,,,,,,,,
,,,,,,,,,
,,,,,,,,,
,,,,,,,,,
,,,,,,,,,
,,,,,,,,,
,,,,,,,,,
,,,,,,,,,
,,,,,,,,,
,,,,,,,,,
,,,,,,,,,
,,,,,,,,,
,,,,,,,,,
,,,,,,,,,
,,,,,,,,,
,,,,,,,,,
,,,,,,,,,
,,,,,,,,,
,,,,,,,,,
,,,,,,,,,
,,,,,,,,,
,,,,,,,,,
,,,,,,,,,
,,,,,,,,,
,,,,,,,,,
,,,,,,,,,
,,,,,,,,,
,,,,,,,,,
,,,,,,,,,
,,,,,,,,,
,,,,,,,,,
,,,,,,,,,
,,,,,,,,,
,,,,,,,,,
,,,,,,,,,
,,,,,,,,,
,,,,,,,,,
,,,,,,,,,
,,,,,,,,,
,,,,,,,,,
,,,,,,,,,
,,,,,,,,,
,,,,,,,,,
,,,,,,,,,
,,,,,,,,,
,,,,,,,,,
,,,,,,,,,
,,,21.3495,,,,,,
,,,21.3465,,,,,,
,,,21.346,,,,,,
,,,21.3468,,,,,,
,,,21.3467,,,,,,
,,,21.3471,,,,,,
,,,21.3482,,,,,,
,,,21.3487,,,,,,
,,,21.3479,,,,,,
,,,21.3484,,,,,,
,,,21.3504,,,,,,
,,,21.3501,,,,,,
,,,21.3506,,,,,,
,,,21.3501,,,,,,
,,,21.3479,,,,,,
,,,21.347,,,,,,
,,,21.3476,,,,,,
,,,21.3481,,,,,,
,,,21.3484,,,,,,
,,,21.3489,,,,,,
,,,21.3489,,,,,,
,,,21.347,,,,,,
,,,21.3463,,,,,,
,,,21.3435,,,,,,
,,,21.343,,,,,,
,,,21.3419,,,,,,
,,,21.3411,,,,,,
,,,21.338,,,,,,
,,,21.3372,,,,,,
,,,21.3364,,,,,,
,,,21.3342,,,,,,
,,,21.3328,,,,,,
,,,21.3314,,,,,,
,,,21.3284,,,,,,
,,,21.327,,,,,,
,,,21.3264,,,,,,
,,,21.3265,,,,,,
,,,21.3259,,,,,,
,,,21.3256,,,,,,
,,,21.3262,,,,,,
,,,21.325,,,,,,
,,,21.3257,,,,,,
,,,21.3257,,,,,,
,,,21.3267,,,,,,
,,,21.3275,,,,,,
,,,21.3287,,,,,,
,,,21.3301,,,,,,
,,,21.33,,,,,,
,,,21.3298,,,,,,
,,,21.3289,,,,,,
,,,21.3303,,,,,,
,,,21.3287,,,,,,
,,,21.3276,,,,,,
,,,21.3275,,,,,,
,,,21.3284,,,,,,
,,,21.3301,,,,,,
,,,21.3311,,,,,,
,,,21.3308,,,,,,
,,,21.33,,,,,,
,,,21.3306,,,,,,
,,,21.3327,,,,,,
,,,21.3323,,,,,,
,,,21.3322,,,,,,
,,,21.3322,,,,,,
,,,21.3325,,,,,,
,,,21.3334,,,,,,
,,,21.3333,,,,,,
,,,21.3361,,,,,,
,,,21.338,,,,,,
,,,21.3402,,,,,,
,,,21.3427,,,,,,
,,,21.3407,,,,,,
,,,21.3429,,,,,,
,,,21.3416,,,,,,
,,,21.3418,,,,,,
,,,21.3405,,,,,,
,,,21.34,,,,,,
,,,21.3396,,,,,,
,,,21.338,,,,,,
,,,21.3375,,,,,,
,,,21.338,,,,,,
,,,21.3391,,,,,,
,,,21.3404,,,,,,
,,,21.3399,,,,,,
,,,21.3397,,,,,,
,,,21.3388,,,,,,
,,,21.3375,,,,,,
,,,21.3356,,,,,,
,,,21.3369,,,,,,
,,,21.3371,,,,,,
,,,21.3374,,,,,,
,,,21.3372,,,,,,
,,,21.3402,,,,,,
,,,21.3424,,,,,,
,,,21.3448,,,,,,
,,,21.3452,,,,,,
,,,21.3451,,,,,,
,,,21.3459,,,,,,
,,,21.3478,,,,,,
,,,21.346,,,,,,
,,,21.3449,,,,,,
,,,21.3468,,,,,,
,,,21.3467,,,,,,
,,,21.3493,,,,,,
,,,21.3493,,,,,,
,,,21.3511,,,,,,
,,,21.3522,,,,,,
,,,21.3531,,,,,,
,,,21.352,,,,,,
,,,21.3515,,,,,,
,,,21.3523,,,,,,
,,,21.3534,,,,,,
,,,21.3533,,,,,,
,,,21.3537,,,,,,
,,,21.3539,,,,,,
,,,21.3544,,,,,,
,,,21.3526,,,,,,
,,,21.354,,,,,,
,,,21.3555,,,,,,
,,,21.3529,,,,,,
,,,21.3556,,,,,,
,,,21.3567,,,,,,
,,,21.358,,,,,,
,,,21.3583,,,,,,
,,,21.3589,,,,,,
,,,21.3605,,,,,,
,,,21.3605,,,,,,
,,,21.3629,,,,,,
,,,21.3633,,,,,,
,,,21.3624,,,,,,
,,,21.3624,,,,,,
,,,21.3614,,,,,,
,,,21.3635,,,,,,
,,,21.3622,,,,,,
,,,21.3632,,,,,,
,,,21.3651,,,,,,
,,,21.3649,,,,,,
,,,21.3671,,,,,,
,,,21.3682,,,,,,
,,,21.3701,,,,,,
,,,21.3706,,,,,,
,,,21.3739,,,,,,
,,,21.375,,,,,,
,,,21.377,,,,,,
,,,21.3783,,,,,,
,,,21.379,,,,,,
,,,21.3814,,,,,,
,,,21.3838,,,,,,
,,,21.3853,,,,,,
,,,21.3879,,,,,,
,,,21.3891,,,,,,
,,,21.3891,,,,,,
,,,21.389,,,,,,
,,,21.391,,,,,,
,,,21.3912,,,,,,
,,,21.3923,,,,,,
,,,21.3945,,,,,,
,,,21.3937,,,,,,
,,,21.3941,,,,,,
,,,21.3926,,,,,,
,,,21.3907,,,,,,
,,,21.3896,,,,,,
,,,21.3874,,,,,,
,,,21.3875,,,,,,
,,,21.3858,,,,,,
,,,21.3849,,,,,,
,,,21.3846,,,,,,
,,,21.3835,,,,,,
,,,21.3839,,,,,,
,,,21.3828,,,,,,
,,,21.3833,,,,,,
,,,21.3827,,,,,,
,,,21.3805,,,,,,
,,,21.3801,,,,,,
,,,21.3789,,,,,,
,,,21.3789,,,,,,
,,,21.3787,,,,,,
,,,21.3795,,,,,,
,,,21.3794,,,,,,
,,,21.3794,,,,,,
,,,21.3792,,,,,,
,,,21.3812,,,,,,
,,,21.38,,,,,,
,,,21.3797,,,,,,
,,,21.3786,,,,,,
,,,21.3779,,,,,,
,,,21.3772,,,,,,
,,,21.377,,,,,,
,,,21.3757,,,,,,
,,,21.3754,,,,,,
,,,21.3759,,,,,,
,,,21.3764,,,,,,
,,,21.3772,,,,,,
,,,21.3779,,,,,,
,,,21.3803,,,,,,
,,,21.3808,,,,,,
,,,21.3828,,,,,,
,,,21.3841,,,,,,
,,,21.385,,,,,,
,,,21.3855,,,,,,
,,,21.3872,,,,,,
,,,21.3888,,,,,,
,,,21.3904,,,,,,
,,,21.3918,,,,,,
,,,21.3915,,,,,,
,,,21.3934,,,,,,
,,,21.3935,,,,,,
,,,21.3937,,,,,,
,,,21.3954,,,,,,
,,,21.397,,,,,,
,,,21.397,,,,,,
,,,21.3995,,,,,,
,,,21.4004,,,,,,
,,,21.4036,,,,,,
,,,21.4039,,,,,,
,,,21.4044,,,,,,
,,,21.4058,,,,,,
,,,21.4067,,,,,,
,,,21.4086,,,,,,
,,,21.4094,,,,,,
,,,21.4119,,,,,,
,,,21.4135,,,,,,
,,,21.4144,,,,,,
,,,21.4157,,,,,,
,,,21.4185,,,,,,
,,,21.4201,,,,,,
,,,21.4226,,,,,,
,,,21.4223,,,,,,
,,,21.4236,,,,,,
,,,21.4267,,,,,,
,,,21.4284,,,,,,
,,,21.4316,,,,,,
,,,21.4333,,,,,,
,,,21.4352,,,,,,
,,,21.4369,,,,,,
,,,21.4388,,,,,,
,,,21.4397,,,,,,
,,,21.4397,,,,,,
,,,21.4424,,,,,,
,,,21.4429,,,,,,
,,,21.4462,,,,,,
,,,21.4467,,,,,,
,,,21.4476,,,,,,
,,,21.4487,,,,,,
,,,21.4495,,,,,,
